"-6256907094955867131","Queeen2B","An extended illness such as a cold or flu like symptoms can be a symptom of HIV(but not in and of itself)","negative","Thu Jul 25 17:15:33 +0000 2013"
"-893299523731919192","AngelaRiggs_","RT @AsapSCIENCE: Having sex boosts immunoglobin, which is the bodies first line of defense against viruses that cause cold and flu. http://…","negative","Thu Jul 25 17:15:44 +0000 2013"
"1844894184212672189","muzzleloader","@danielralston maybe i will get one of these and designate it as the thing i wipe my mouth with after i barf during flu season.","negative","Thu Jul 25 17:15:45 +0000 2013"
"-7545778027799750701","Torryeee","I don't wanna have the stomach flu :( I have a party to go to tomorrow!","negative","Thu Jul 25 17:15:49 +0000 2013"
"-2780036632898411388","nadlanu","Slavonski Brod: Muškarac polio benzinom sve u kafiću i pretio upaljačem
http://t.co/2ZlNRtTubE","negative","Thu Jul 25 17:15:51 +0000 2013"
"5894550452376365019","EmilyKilfoy","It is way too warm for the flu, #sick","negative","Thu Jul 25 17:15:58 +0000 2013"
"4795522572730490619","nabilanami","Dizzy. Flu symptoms attack in sudden. Mosquitos' bites. Dolphins are ringing all the time.","negative","Thu Jul 25 17:16:00 +0000 2013"
"-6781231894823267962","health_watch","The H1N1 recap: Assessing the US CDCs (Center for Disease Control) response to H1N1 - Helium http://t.co/mDjQivJfUq","negative","Thu Jul 25 17:16:08 +0000 2013"
"9004653290670140186","ImThatDudeWho","CRYING RT “@nark0tiks_: Paco and tuberculosis should just squash the beef and take selfies”","negative","Thu Jul 25 17:16:08 +0000 2013"
"-2097595345659642992","ElGwapo_","RT @Foamposites: LMFAOOO RT @nark0tiks_: Paco and tuberculosis should just squash the beef and take selfies","negative","Thu Jul 25 17:16:12 +0000 2013"
"2503539774733568257","juliaxsantos","RT @nark0tiks_: Paco and tuberculosis should just squash the beef and take selfies","negative","Thu Jul 25 17:16:19 +0000 2013"
"-6573571564817283084","MeganRogers_21","We're not just attractive...we're also meningitis-free. 😏 #swerve @Eugene_Bryant42 💉 http://t.co/caokxcvks1","negative","Thu Jul 25 17:16:20 +0000 2013"
"769680934298023459","MUS_OOTO666","@sephifi kalau nk fake a flu or runny nose, basahkan kepala then duduk depan kipas","negative","Thu Jul 25 17:16:21 +0000 2013"
"-1225387643225242650","Ecosad","http://t.co/uls3MK2HYP http://t.co/EMju5lBVbx","negative","Thu Jul 25 17:16:24 +0000 2013"
"4105517935934440918","muhree_","RT @nark0tiks_: Paco and tuberculosis should just squash the beef and take selfies","negative","Thu Jul 25 17:16:26 +0000 2013"
"4275709465691227673","bot_KECE","Nationalism is an infantile sickness. It is the measles of the human race.-Albert Einstein","negative","Thu Jul 25 17:16:29 +0000 2013"
"-1965422987150982394","Deborah35316427","´France reports first case of deadly SARS-like virus http://t.co/JJSeVZce3p","negative","Thu Jul 25 17:16:31 +0000 2013"
"324562800081336019","vampire_cellist","RT @AsapSCIENCE: Having sex boosts immunoglobin, which is the bodies first line of defense against viruses that cause cold and flu. http://…","negative","Thu Jul 25 17:16:35 +0000 2013"
"3825304990129001817","lasciviousx3","RT @nark0tiks_: Paco and tuberculosis should just squash the beef and take selfies","negative","Thu Jul 25 17:16:35 +0000 2013"
"-7449158247967157347","_TyeDii","Seriously come on who gets the flu in the summer?! Could this week get any worse😡","negative","Thu Jul 25 17:16:36 +0000 2013"
"8117059077679991901","Deborah35316427","´Flu in pregnancy ′may raise bipolar risk for baby′ http://t.co/iskPmsSAen","negative","Thu Jul 25 17:16:38 +0000 2013"
"-2559176131718824458","TanTanMica","RT @NMAtweets: 1 in 7 adolescents and young adults who get #meningitis die. http://t.co/G8HuUIQYCy Help protect your child with #vaccinatio…","negative","Thu Jul 25 17:16:41 +0000 2013"
"5580224290786580224","_LordSensi","Great day to jam #FluGame https://t.co/I2xK1C9J7u","negative","Thu Jul 25 17:16:44 +0000 2013"
"3267757213979438036","o_LookItsSteven","Getting my Meningitis Shots today :p","negative","Thu Jul 25 17:16:46 +0000 2013"
"4817337546710151252","CammieHC","""@nark0tiks_: Paco and tuberculosis should just squash the beef and take selfies""LMFAOOO","negative","Thu Jul 25 17:16:51 +0000 2013"
"-4298417625212652924","Kelly_Priest","Why did I get the flu when Im on holiday :c","negative","Thu Jul 25 17:16:53 +0000 2013"
"-266704380552347661","CammieHC","RT @nark0tiks_: Paco and tuberculosis should just squash the beef and take selfies","negative","Thu Jul 25 17:16:55 +0000 2013"
"-3872962184444943500","TrickingGawd","LMFAOOOOOOOOOOOOOOOOOOO RT “@nark0tiks_: Paco and tuberculosis should just squash the beef and take selfies”","negative","Thu Jul 25 17:16:57 +0000 2013"
"-824363976648889222","TrickingGawd","RT @nark0tiks_: Paco and tuberculosis should just squash the beef and take selfies","negative","Thu Jul 25 17:16:58 +0000 2013"
"8169567067947469687","catmcneilly","So husband has the same 'cold' as me. But of course he is a lot worse..cause his is 'man flu.' #ManUp","negative","Thu Jul 25 17:17:02 +0000 2013"
"-8816528996366277054","Hajar_Ramli","RT @hanishmy: mr.flu n mr.cough. please don't disturb me please. i don't want to get mr.fever. :(","negative","Thu Jul 25 17:17:02 +0000 2013"
"6768801523337067165","KiSSeopian","RT @rocketboxx: {TRANS} @HooN91y Our KISSmes are well, right~~?! ㅠㅠ Be careful of the summer flu~~~ ㅠㅠ ㅎㅎ Please give us lots o… http://t.c…","negative","Thu Jul 25 17:17:04 +0000 2013"
"-520464786089263383","haannahhh_","😔 “@trutherbot: . @BillGates Oral Polio Vaccine Cripples 47,500 Children: http://t.co/szgwvEj6bG”","negative","Thu Jul 25 17:17:05 +0000 2013"
"-4472350873069770082","lenabansh","Meningitis cases are lowest in a decade, thanks to new vaccine #globalcitizen http://t.co/9oqHDhaF7t","negative","Thu Jul 25 17:17:10 +0000 2013"
"-3676635021801633757","Thu_ways","Why didn't I think of that ? RT @NeliDube: RT""@LMcoseli: This flu needs two shots of vodka then its gone","negative","Thu Jul 25 17:17:10 +0000 2013"
"-7219162552626210523","liandiandra","RT @WTFCrazyFact: People who Procrastinate are more likely to catch cold and flu, they also have higher rate of insomnia.","negative","Thu Jul 25 17:17:11 +0000 2013"
"-3397018106440748471","everythingtaboo","Been in bed all day with the flu. Now wide awake at 1am watching the lightening over the ocean. No work for me tomor--today.","negative","Thu Jul 25 17:17:18 +0000 2013"
"2769941961307150973","YayaMatIsa","fever. cough syrup + flu tablet!! get well soon yaya :( http://t.co/hFGfR0xTQI","negative","Thu Jul 25 17:17:18 +0000 2013"
"-3374687193094989782","IndianAntics","MC sharma joined operation in Batla House when his son was in ICU with dengue at critical stage #Salute to his martyrdom RT @RakeshSinha01","negative","Thu Jul 25 17:17:21 +0000 2013"
"-4144433718474996357","StamDefiance","I would get the flu in buttfuck India HAHAH","negative","Thu Jul 25 17:17:22 +0000 2013"
"7667907411128942703","ThaWhiteGod","RT @TrickingGawd: LMFAOOOOOOOOOOOOOOOOOOO RT “@nark0tiks_: Paco and tuberculosis should just squash the beef and take selfies”","negative","Thu Jul 25 17:17:23 +0000 2013"
"-4133091902996259976","Basic_God","RT @nark0tiks_: Paco and tuberculosis should just squash the beef and take selfies","negative","Thu Jul 25 17:17:24 +0000 2013"
"2210116317977021723","Jd_108","RT @MadhuRa_april: ""MC sharma joined operation in #batlahouse whn his son was in ICU (Ganga Ram Hospital with dengue at critical stage)salu…","negative","Thu Jul 25 17:17:27 +0000 2013"
"-7140438880801217679","KBRIGGS94","RT @Gresham_Major: LMFAOOOOOWOSOSO RT “@nark0tiks_: Paco and tuberculosis should just squash the beef and take selfies”","negative","Thu Jul 25 17:17:31 +0000 2013"
"-3541014992200644145","KayBePullin1393","RT @TrickingGawd: LMFAOOOOOOOOOOOOOOOOOOO RT “@nark0tiks_: Paco and tuberculosis should just squash the beef and take selfies”","negative","Thu Jul 25 17:17:33 +0000 2013"
"-4833098178964340469","OGNopeDawg","RT @nark0tiks_: Paco and tuberculosis should just squash the beef and take selfies","negative","Thu Jul 25 17:17:39 +0000 2013"
"4401695703233186564","AKG_15","“@WTFCrazyFact: People who Procrastinate are more likely to catch cold and flu, they also have higher rate of insomnia.” It all makes sense.","negative","Thu Jul 25 17:17:41 +0000 2013"
"4046867970054927069","ObeyHeadSauce","RT @nark0tiks_: Paco and tuberculosis should just squash the beef and take selfies","negative","Thu Jul 25 17:17:46 +0000 2013"
"-2495715201777572164","_DealMethToKids","JEOQPWGBELAPWHLWPDNVEDWWOPDB RT“@nark0tiks_: Paco and tuberculosis should just squash the beef and take selfies”","negative","Thu Jul 25 17:17:52 +0000 2013"
"-5953146595565997046","OGNopeDawg","LMFAOOOOOOOOOOO RT @nark0tiks_: Paco and tuberculosis should just squash the beef and take selfies","negative","Thu Jul 25 17:17:52 +0000 2013"
"-5545478580660249861","basedtradomus","RT @Gresham_Major: LMFAOOOOOWOSOSO RT “@nark0tiks_: Paco and tuberculosis should just squash the beef and take selfies”","negative","Thu Jul 25 17:17:53 +0000 2013"
"-4440429634890755445","profsinto","Nationalism is an infantile sickness. It is the measles of the human race","negative","Thu Jul 25 17:17:57 +0000 2013"
"-2316143690981586291","basedtradomus","RT @nark0tiks_: Paco and tuberculosis should just squash the beef and take selfies","negative","Thu Jul 25 17:17:59 +0000 2013"
"4439146226658855685","AbeTheIllest","LMFAOOO RT @nark0tiks_: Paco and tuberculosis should just squash the beef and take selfies","negative","Thu Jul 25 17:18:08 +0000 2013"
"-8526034642436350267","LMcoseli","You can do that now RT@Thu_ways: Why didn't I think of that ? RT @NeliDube: RT""@LMcoseli: This flu needs two shots of vodka then its gone","negative","Thu Jul 25 17:18:20 +0000 2013"
"7389790853672444094","BillPearnMason","While you are thinking about landscaping consider West Nile Virus. http://t.co/JFIEBDBUwC","negative","Thu Jul 25 17:18:23 +0000 2013"
"1123816616400019399","mrspiceman","RT @rotary: New York Times Highlights Pakistan’s War on #Polio http://t.co/G1I29Yq3Fx via @gatesfoundation","negative","Thu Jul 25 17:18:24 +0000 2013"
"-8873454603563110371","Hlatse_November","Take care of yourselves,the flu bug is a muther f!cker- Mr Bunge :D","negative","Thu Jul 25 17:18:27 +0000 2013"
"4888427719141892112","jayyjayythatkid","RT @CammieHC: ""@nark0tiks_: Paco and tuberculosis should just squash the beef and take selfies""LMFAOOO","negative","Thu Jul 25 17:18:28 +0000 2013"
"923943112339409470","jayyjayythatkid","RT @nark0tiks_: Paco and tuberculosis should just squash the beef and take selfies","negative","Thu Jul 25 17:18:34 +0000 2013"
"-6661443351848026385","DJLays24","TUBERCULOSIS HAHAHAHAH I CAN'T BREATHE RT“@nark0tiks_: Paco and tuberculosis should just squash the beef and take selfies”","negative","Thu Jul 25 17:18:35 +0000 2013"
"-7475259266394289587","frosty_killa23","Fucck thee swine flu my middle finger to the pigz ┌П┐(◣_◢)┌П┐","negative","Thu Jul 25 17:18:35 +0000 2013"
"-4281648183097387644","DBZOVERHOES","😂😂😂“@AbeTheIllest: LMFAOOO RT @nark0tiks_: Paco and tuberculosis should just squash the beef and take selfies”","negative","Thu Jul 25 17:18:37 +0000 2013"
"3130588089187289643","nark0tiks_","RT @DJLays24: TUBERCULOSIS HAHAHAHAH I CAN'T BREATHE RT“@nark0tiks_: Paco and tuberculosis should just squash the beef and take selfies”","negative","Thu Jul 25 17:18:42 +0000 2013"
"-2577023301475044562","CallMeSlim_Tho","""@OGNopeDawg: LMFAOOOOOOOOOOO RT @nark0tiks_: Paco and tuberculosis should just squash the beef and take selfies"" CRYING !","negative","Thu Jul 25 17:18:46 +0000 2013"
"6845532599221079387","NudeGooN","RT @nark0tiks_: Paco and tuberculosis should just squash the beef and take selfies","negative","Thu Jul 25 17:18:46 +0000 2013"
"494950026864395104","MASHACH_MX","Expertos aseguran que la curación de la hepatitis C ha aumentado un 200% en los últimos dos años http://t.co/aUnoqFh64k","negative","Thu Jul 25 17:18:50 +0000 2013"
"5907647750074903666","AntonHoch1","Now that SARS has all of Juju's land, he wants the rest of us to add to the Governments collection","negative","Thu Jul 25 17:19:04 +0000 2013"
"6322840180753208374","ManuelOdeny","RT @poetrite: RT @ManuelOdeny There is a frog in my throat, giving me a funny raspy voice i take FLU GONE when I've a cold, in your case ju…","negative","Thu Jul 25 17:19:05 +0000 2013"
"1425550831954674300","MrT33zy","Wtf lmao RT @nark0tiks_: Paco and tuberculosis should just squash the beef and take selfies","negative","Thu Jul 25 17:19:07 +0000 2013"
"4757689298227402649","Sarrawr_69","RT @WTFCrazyFact: People who Procrastinate are more likely to catch cold and flu, they also have higher rate of insomnia.","negative","Thu Jul 25 17:19:09 +0000 2013"
"1110287966749464957","MrT33zy","RT @nark0tiks_: Paco and tuberculosis should just squash the beef and take selfies","negative","Thu Jul 25 17:19:09 +0000 2013"
"1259942930390480995","SelfMadeJeff","I remember I use to say ... Ill get in ya chest like Thera flu","negative","Thu Jul 25 17:19:10 +0000 2013"
"-1816773122839620043","Willz_54","Like I had tuberculosis or something...too bad I didn't have time to explain myself.","negative","Thu Jul 25 17:19:10 +0000 2013"
"3566244961271665070","dinipc","RT @RakeshSinha01: MC sharma joined operation in Batla House when his son was in ICU (Ganga Ram Hospital with dengue at critical stage) sal…","negative","Thu Jul 25 17:19:18 +0000 2013"
"-3085263417723023487","Metro_Noticias","#SSA confirma 16 casos de #dengue hemorrágico en Jurisdicción de #Córdoba #Salud #Veracruz #Xalapa #Orizaba #México
http://t.co/zbODZAMxyx","negative","Thu Jul 25 17:19:18 +0000 2013"
"-640242496130766887","livingonsaturn","RT @Gresham_Major: LMFAOOOOOWOSOSO RT “@nark0tiks_: Paco and tuberculosis should just squash the beef and take selfies”","negative","Thu Jul 25 17:19:25 +0000 2013"
"-904044222349084581","MenakaSanthush","CDC: Recommendations for treatment and prevention of West Nile virus - Helium http://t.co/iPJpEyKBcN","negative","Thu Jul 25 17:19:27 +0000 2013"
"-7506563226967274442","NHPRNews","N.H. Mosquitoes Test Negative For West Nile Virus...So Far http://t.co/fddaPqyrn2","negative","Thu Jul 25 17:19:29 +0000 2013"
"8000399482485231593","Eugene_Bryant42","RT @MeganRogers_21: We're not just attractive...we're also meningitis-free. 😏 #swerve @Eugene_Bryant42 💉 http://t.co/caokxcvks1","negative","Thu Jul 25 17:19:34 +0000 2013"
"-6842575703414790390","allialaika","RT @WTFCrazyFact: People who Procrastinate are more likely to catch cold and flu, they also have higher rate of insomnia.","negative","Thu Jul 25 17:19:36 +0000 2013"
"-2974987435811880111","Gee_Whiskers","@BronwynH1981 I hit Dior AND Chanel now...Thank you SARS :P","negative","Thu Jul 25 17:19:39 +0000 2013"
"1742573693588994142","davidehrlich","@eugenenovikov i had to make 1 anthony weiner joke. everyone does. like a flu shot.","negative","Thu Jul 25 17:19:44 +0000 2013"
"-8465055137721140544","DOPEFLOR","i got the fucking swag flu, bro. i'm coughing on yo bitch and i hope she don't get it","negative","Thu Jul 25 18:26:43 +0000 2013"
"3451244692465638343","mariluisasosa","RT @Salud_Ec: ¿Cómo me protejo de la #influenza #AH1N1?. Aquí una guía completa:  http://t.co/8hINfySCOm Favor RT","negative","Thu Jul 25 18:26:43 +0000 2013"
"-1725996235490708912","GazaXSHOTTAX","Niggas gonna be walking round catching the Ebola virus eating ass","negative","Thu Jul 25 18:26:49 +0000 2013"
"2304680890655103447","LilaVu","That meningitis shot hurt like a bitch.","negative","Thu Jul 25 18:26:51 +0000 2013"
"3144406320096835439","TheSquareLemon","UK rejects meningitis B vaccine http://t.co/PcTYizKeqE","negative","Thu Jul 25 18:26:53 +0000 2013"
"-9093522946014507926","dort_ucgen","RT @ahmetbal38: ÇOK ÜZÜLDÜM! 
#Koç hisseleri sarsıldı! Vergi incelemesinin ardından #Tüpraş günü yüzde 3 #Aygaz yüzde 2.6 Koç Holding 3.8 d…","negative","Thu Jul 25 18:26:54 +0000 2013"
"5982196395235856932","numanofficial","Gem's still there, could be Meningitis, they're still not sure. Might do a lumbar puncture tomorrow, don't envy her that. Still very ill. GN","negative","Thu Jul 25 18:27:00 +0000 2013"
"-8845047322720240293","vinirish","RT @RakeshSinha01: MC sharma joined operation in Batla House when his son was in ICU (Ganga Ram Hospital with dengue at critical stage) sal…","negative","Thu Jul 25 18:27:08 +0000 2013"
"-2624464408981926434","Qamarul_iman23","Oh.. My flu makes me not comfortable..","negative","Thu Jul 25 18:27:33 +0000 2013"
"-5077600914119024886","yayaSnukmz","Nxn :( ""@tonyrealest: You not the only one ☹ RT @yayaSnukmz: This Flu is having me -_-""","negative","Thu Jul 25 18:28:00 +0000 2013"
"-7729760654484076502","MargaraChen","“@NachoRgz: 7plagas de Tabasco: dengue, desempleo, secuestro, robo violento, inspectores prepotentes, gabinete, profesreprobados/ Y alcaldes","negative","Thu Jul 25 18:28:02 +0000 2013"
"-1921726049515161138","WilburNuman","RT @numanofficial: Gem's still there, could be Meningitis, they're still not sure. Might do a lumbar puncture tomorrow, don't envy her that…","negative","Thu Jul 25 18:28:03 +0000 2013"
"3830137490193104538","DuellMedicalSup","RT @NMAtweets: 1 in 7 adolescents and young adults who get #meningitis die. http://t.co/G8HuUIQYCy Help protect your child with #vaccinatio…","negative","Thu Jul 25 18:28:08 +0000 2013"
"-278540726917230448","XBayona","""Flu vaccinations for school age children in England are cost effective, say experts""  http://t.co/v9A6A9CqkT","negative","Thu Jul 25 18:28:08 +0000 2013"
"1078123016597954455","helloitsliam","@binarybrewery LOL, won't take it personally. Not cold or flu, just run down I think. Got another doc apt in a week for fasting &amp; blood work","negative","Thu Jul 25 18:28:09 +0000 2013"
"-8966073976948365669","TweetsOfTonka","Feeling kinda betterrrr this morning. This stomach flu is going away ☺ Goodmorning🙏","negative","Thu Jul 25 18:28:15 +0000 2013"
"2364214776414883769","axiem_","RT @MillaZole: Me flu and chatimeeeeee . K bagus sangat flu minum chatime :) http://t.co/AHftwqsqEs","negative","Thu Jul 25 18:28:46 +0000 2013"
"-676125653811374108","Leicester_Numan","RT @numanofficial: Gem's still there, could be Meningitis, they're still not sure. Might do a lumbar puncture tomorrow, don't envy her that…","negative","Thu Jul 25 18:29:02 +0000 2013"
"5538049780709378517","ArianaCastella2","Would you rather get a computer virus or the flu? — Computer virus, cuz it's easier to get rid of and it's not c... http://t.co/Wx6Rp4QV2L","negative","Thu Jul 25 18:29:20 +0000 2013"
"-1632896728869043589","humptydumby","@AmmarYaaar i have a flu. Beware of the horrors the nose contains. Lulz.","negative","Thu Jul 25 18:29:26 +0000 2013"
"-8966172780565587570","77kayo","RT @rotary: New York Times Highlights Pakistan’s War on #Polio http://t.co/G1I29Yq3Fx via @gatesfoundation","negative","Thu Jul 25 18:29:33 +0000 2013"
"-6684993845989166575","Omega_J12","RT @mariannemiller: I'd like to take this moment to thank everyone who decided not to vaccinate their children for bringing measles back! h…","negative","Thu Jul 25 18:29:39 +0000 2013"
"5866270773846707388","savannah30__","RT @WTFCrazyFact: People who Procrastinate are more likely to catch cold and flu, they also have higher rate of insomnia.","negative","Thu Jul 25 18:29:40 +0000 2013"
"4018830465868865394","HussainE16","@TomMoodyCricket would you have jyst walked away from a fan if you didn't have the flu?","negative","Thu Jul 25 18:29:44 +0000 2013"
"1695311223784751873","Omega_J12","RT @mariannemiller: I know I personally missed measles.  So glad to see it returning, however slowly. It's not like it's easily preventable…","negative","Thu Jul 25 18:29:45 +0000 2013"
"-6918767967612899844","Ignnatiaaaaa","Nose block, sneezing. It sucks having flu.","negative","Thu Jul 25 18:29:45 +0000 2013"
"5171921654205732013","Adamcline55","""@WTFCrazyFact: People who Procrastinate are more likely to catch cold and flu, they also have higher rate of insomnia."" @MeaghanEileen","negative","Thu Jul 25 18:29:48 +0000 2013"
"2237871464116709416","shiloh_911","RT @mariannemiller: I'd like to take this moment to thank everyone who decided not to vaccinate their children for bringing measles back! h…","negative","Thu Jul 25 18:29:53 +0000 2013"
"6697797092499536708","MahfuzulBari","""When you visit the hospital here you see that cancer is more common than the flu""depleted uranium in Florida airport http://t.co/5xjqsgYRaA","negative","Thu Jul 25 18:29:55 +0000 2013"
"7348168078986717563","videotycoon","CDC Admits 98 Million Americans Received Polio Vaccine In An 8-Year Span When It Was... http://t.co/CmhJepCVol","negative","Thu Jul 25 18:30:16 +0000 2013"
"-4191454406951042663","Jackiekovacs","Measles is back. It had help http://t.co/XCL3N3aZba","negative","Thu Jul 25 18:30:18 +0000 2013"
"1349529643778975418","NBLCA","""Getting tested &amp; treated is a commitment to yr family, friends &amp; our community that Hepatitis C will not destroy us"" http://t.co/Zmhcnbrigp","negative","Thu Jul 25 18:30:25 +0000 2013"
"-9047540140144811790","LedgerLifestyle","http://t.co/Nm74mR55tl - Stomach Flu 2013: Mystery Bug in 11 States, Did Produce, Lettuce Cause Cyclospora Infection?","negative","Thu Jul 25 18:30:26 +0000 2013"
"-5887197022809545214","Lelo_Skosana","Flu attack missions....#sick #flue :'( http://t.co/FYhtZel5L7","negative","Thu Jul 25 18:30:32 +0000 2013"
"-8114538738261382859","CDCFlu","When should you see a doctor when you have #flu symptoms? http://t.co/pSrvrIyofR","negative","Thu Jul 25 18:30:33 +0000 2013"
"252638466470700666","HeyYoungc","Daily read -Infant vaccination schedule: How to administer influenza vaccine (TIV) - http://t.co/K7SNEkwGiM","negative","Thu Jul 25 18:30:52 +0000 2013"
"-1962068635401391943","colleeningerman","RT @CDCFlu: When should you see a doctor when you have #flu symptoms? http://t.co/pSrvrIyofR","negative","Thu Jul 25 18:30:52 +0000 2013"
"1936581520117879806","Alexandra_Scout","@relevantaddison He deserves the flu after doing that 😂","negative","Thu Jul 25 18:30:53 +0000 2013"
"7902074236178823785","roryyeomans","Franklin contributed to search for polio virus &amp; died at Royal Marsden Hosp. One grandma had polio, the other worked at RMH #serendipity.","negative","Thu Jul 25 18:30:58 +0000 2013"
"6428340551067449510","Brunolouis11","@sonny_soweez jst downloaded tha.I shd see u in a video soon. Last tym I saw u at pearl view u had flu&amp; cough so cnt recognise this voice","negative","Thu Jul 25 18:31:03 +0000 2013"
"-8850545429530468611","EAtlantaPatch","West Nile Virus mosquitoes found in DeKalb http://t.co/NkYYu0A81i","negative","Thu Jul 25 18:42:14 +0000 2013"
"4949308096693238673","ElGwapo_","RT @BasedPaco: Paco and Tuberculosis was trolling!?!?!? http://t.co/pcYfR5E3a8","negative","Thu Jul 25 18:42:18 +0000 2013"
"-7023212569041006223","DunwoodyPatch","West Nile Virus mosquitoes found in DeKalb http://t.co/5uBrZEXZ4s","negative","Thu Jul 25 18:42:22 +0000 2013"
"6127699485019085782","ayesha5405","Having the flu and fasting has got me bad!! Urgghhh..","negative","Thu Jul 25 18:42:22 +0000 2013"
"-5447759685410947489","nfidvaccines","Sanofi Pasteur Announces Shipment of First Lots of 2013-2014 Seasonal #Influenza #Vaccine http://t.co/xLhVbJrspK","negative","Thu Jul 25 18:42:25 +0000 2013"
"950306091644734840","Neondancer","@numanofficial I was born with meningitis and had a spinal tap at 12 hours old. Tell Gemma if a baby could handle it, she'll be just fine.","negative","Thu Jul 25 18:42:25 +0000 2013"
"8284609646967391720","StoneMtPatch","West Nile Virus mosquitoes found in DeKalb http://t.co/DUoJWMNd8M","negative","Thu Jul 25 18:42:30 +0000 2013"
"3361519303714039273","FaraNadiaAzmi","Flu, cough, fever, whatever it is.. please go away","negative","Thu Jul 25 18:42:33 +0000 2013"
"8672867514582575344","KristenSkaja","@dustinlynchpraying for a speedy recovery with the flu ... :)","negative","Thu Jul 25 18:42:33 +0000 2013"
"-7314402632159759376","gaybabycop","on the bright side: i'm currently at my goal weight (which isn't to say coming down with a flu is the way to get there bc it's not)","negative","Thu Jul 25 18:42:33 +0000 2013"
"-5502423723600043430","TuckerGAPatch","West Nile Virus mosquitoes found in DeKalb http://t.co/OZolhD5VVC","negative","Thu Jul 25 18:42:35 +0000 2013"
"1806725778399253480","Pkellss","RT @BasedPaco: Paco and Tuberculosis was trolling!?!?!? http://t.co/pcYfR5E3a8","negative","Thu Jul 25 18:42:42 +0000 2013"
"-1716022739469736998","PunyaPrakop","RT @amishra77: When MC Sharma was martyred, his son was undergoing blood transfusion in a hospital after severe attack of dengue. #BatlaHou…","negative","Thu Jul 25 18:42:42 +0000 2013"
"-5142275700754902878","DecaturGAPatch","West Nile Virus mosquitoes found in DeKalb http://t.co/Adkmb273mA","negative","Thu Jul 25 18:42:46 +0000 2013"
"-1146348886597745315","Bekah7856","Measles is back. It had help http://t.co/TdlsZYiOg6","negative","Thu Jul 25 18:42:46 +0000 2013"
"3773183541052981452","MindaRatna1","The H1N1 recap: Medical scientists explain how flu pandemic explains scope but not impact of H1N1 infection - http://t.co/fkY1xUs0LU","negative","Thu Jul 25 18:42:48 +0000 2013"
"4592355411968432942","brookhavenpatch","West Nile Virus mosquitoes found in DeKalb http://t.co/rzxcRRwWoi","negative","Thu Jul 25 18:42:52 +0000 2013"
"-1632640938137595188","NDruidHillsPatc","West Nile Virus mosquitoes found in DeKalb http://t.co/PVc9Euzul9","negative","Thu Jul 25 18:42:58 +0000 2013"
"-835708014771251229","Aipmaulana","Keujanan utk yg kesekian kalinya.. Flu pulaakk.. *tarik selimut* 😷😪💤💤☔☔☔ (at Mampang Prapatan) — https://t.co/yjnZKSe1ID","negative","Thu Jul 25 18:43:05 +0000 2013"
"8467762017409392907","ElatedDivinity","RT @LondonEmpress: ""I would pay whatever just to get a better view. And yes your body looks so sick. I think I caught the flu."" @ElatedDivi…","negative","Thu Jul 25 18:43:15 +0000 2013"
"1783882727569743314","RichPitsch","@AmyLuddington @UKmorganads I really hope this just cos you two have flu....hahaha","negative","Thu Jul 25 18:43:17 +0000 2013"
"1182147343606233674","caliswagfag","RT @andrewlx: aw no i bet is the flu it's going around like crazy!!!!!! #PrayForConnor http://t.co/sT7GQC1AAQ","negative","Thu Jul 25 18:43:24 +0000 2013"
"-8630664071424319006","arelysosa18","@mariaherrera174 Yes You need a flu shot &amp; a TB skin Test .","negative","Thu Jul 25 18:43:30 +0000 2013"
"-7831455795333478173","AdamISynth","RT @numanofficial: Gem's still there, could be Meningitis, they're still not sure. Might do a lumbar puncture tomorrow, don't envy her that…","negative","Thu Jul 25 18:43:30 +0000 2013"
"5994583354326150081","wildwhit38","Fuck having the flu. #bullshit #betterbegonebytmrw","negative","Thu Jul 25 18:43:35 +0000 2013"
"6973009856668742653","Craken_MacCraic","RT @StephSchuttler: Gombe chimps were vaccinated against polio by Jane Goodall in the 60s #iccb2013","negative","Thu Jul 25 18:43:42 +0000 2013"
"8587950055130032102","ksmsundaram1975","RT @amishra77: When MC Sharma was martyred, his son was undergoing blood transfusion in a hospital after severe attack of dengue. #BatlaHou…","negative","Thu Jul 25 18:43:49 +0000 2013"
"-8007510122075841430","bharathipura","RT @amishra77: When MC Sharma was martyred, his son was undergoing blood transfusion in a hospital after severe attack of dengue. #BatlaHou…","negative","Thu Jul 25 18:43:51 +0000 2013"
"-8349611170941827384","tarheelsmiley","“@BasedPaco: Paco and Tuberculosis was trolling!?!?!? http://t.co/ih8QWjwbvx”LMAO ANTARCTICA","negative","Thu Jul 25 18:43:54 +0000 2013"
"4641195905326657632","mardigny","RT @mariannemiller: I'd like to take this moment to thank everyone who decided not to vaccinate their children for bringing measles back! h…","negative","Thu Jul 25 18:44:09 +0000 2013"
"4031344911975469334","NooreenMalim","Keny vs peny more like nooreen vs hafsa! Who can blow they nose the longest8o #flu I win nigga @Hafsa_Malim","negative","Thu Jul 25 18:44:12 +0000 2013"
"-787441017749575289","noziphozuluOnly","Get well RT @Lelo_Skosana: Flu attack missions....#sick #flue :'( http://t.co/VabU0TxqZs","negative","Thu Jul 25 18:44:14 +0000 2013"
"-1091141107158953864","blackmagicgal1","@AmmerMary You will have a long and happy life. I have survived pneumonia and hepatitis, take it from me  in writing :) @pljones66_l","negative","Thu Jul 25 18:44:22 +0000 2013"
"-5114310001851250331","tricoloringles","@1matthewburgess I went to Flu v Inter a couple of weeks ago. Now they are back at Maracana I will get to most games!","negative","Thu Jul 25 18:44:25 +0000 2013"
"5170572232950127034","jamey_samuels","Feel like crying :'( ,,, Flu is messing me up #bigTime &gt; hate being so sick &amp; tomorrow is Fridayyy :::'''(((","negative","Thu Jul 25 18:44:28 +0000 2013"
"3477722934257283465","javierabrown","RT @EAtlantaPatch: West Nile Virus mosquitoes found in DeKalb http://t.co/NkYYu0A81i","negative","Thu Jul 25 18:44:31 +0000 2013"
"-5581968944726471986","fneth_org","Detección a tiempo de Hepatitis 'C' salva vidas: Hepatitis - Salud - Noticias - http://t.co/1TAINxjgkZ http://t.co/z5v79aG6XS","negative","Thu Jul 25 19:13:17 +0000 2013"
"-3858531878083270097","Me_DanQuah","So Jack is spreading a flu? @Dee_AG 😂😂. Cos I think I m getting der. 🙆🙆","negative","Thu Jul 25 19:13:24 +0000 2013"
"-5008225417207434773","Chris_Doherty_","Think I have the swine flu","negative","Thu Jul 25 19:13:25 +0000 2013"
"-7241452342785664752","55_SupaFly","Aint gota cock it bck iJus let it flu","negative","Thu Jul 25 19:13:30 +0000 2013"
"-1085368511114680159","LUVAKAFLUSEASON","RT @993TheBOX: Time to tune in for the Flu Season show with @luvakafluseason @djfinishline and @iHongry","negative","Thu Jul 25 19:13:35 +0000 2013"
"6485312540941942028","bellesapepper37","1:11 ... I'm awake. *pouts* Good afternoon. I think I'll drag my battered flu body to the kitchen. I smell bananas. #BlessHim","negative","Thu Jul 25 19:13:42 +0000 2013"
"-1875055994547673442","KennethTagher","Campgrounds Shut Down Due to Plague in LA, also some recent west Nile activity, weird http://t.co/XA7Xtfvpi2 #science #health #virus","negative","Thu Jul 25 20:00:58 +0000 2013"
"-2716832588581540432","HisSillyPenguin","cinderlaura: cinderlaura: i’m home sick with the flu and i just received this email from my father STOP... http://t.co/sOt4h3H1Y4","negative","Thu Jul 25 20:01:00 +0000 2013"
"-1391863766019079396","LGSmithFndn","Read the amazing story of Faisa, a Somalian girl crippled by Polio. UNICEF is embarking on another campaign to get... http://t.co/LZlXVzUbhL","negative","Thu Jul 25 20:04:56 +0000 2013"
"-8752797954487643208","Bea_Damasceno07","@NiallOfficial We are two I'm flu and throat hurting, Oh!","negative","Thu Jul 25 20:04:56 +0000 2013"
"-2704357424248833250","ShockinglyTagic","RT @Poochda63: New tweeters, old tweeters, flu tweeters. Young niggas dont know shit cause they still in school tweeters","negative","Thu Jul 25 20:04:56 +0000 2013"
"852773673191710687","MichaelNFew","CDC admits 98 million Americans received polio vaccine in 8-year span when it was contaminated with cancer virus... http://t.co/LEB9tR7TrC","negative","Thu Jul 25 20:05:00 +0000 2013"
"1847301067181259748","iamporgy","And ""gone"" and u got the meds that work on it “@PatOski_: Flu..”","negative","Thu Jul 25 20:05:03 +0000 2013"
"-6448481632621878553","Icalmafundacion","U de Hepatitis Virales del Hosp Italiano de Bs As y Fundación ICALMA  Organizan:Campaña de Concientización y Detección de Hepatitis B y C","negative","Thu Jul 25 20:05:03 +0000 2013"
"-5752671133291212105","biotechsmith","$VRTX - Vertex Provides Update on Ongoing All-Oral Studies of VX-135 in Hepatitis C http://t.co/mbdTRI00OE","negative","Thu Jul 25 20:05:06 +0000 2013"
"-784197543653024772","racheloduk","$VRTX - Vertex Provides Update on Ongoing All-Oral Studies of VX-135 in Hepatitis C http://t.co/7O9WaaWgBX","negative","Thu Jul 25 20:05:07 +0000 2013"
"7048709428526350983","Blaqlilie","@deluxbelani I'm paying those Sars offices a visit tomorrow!","negative","Thu Jul 25 20:05:09 +0000 2013"
"-5465060488760162210","JC_Goodson","""@GAFollowers: Today the 1st positive case of West Nile Virus in the Metro Atlanta area was confirmed in Dekalb Co. #UseLotsOfOFF"" dafuqqqq","negative","Thu Jul 25 20:05:14 +0000 2013"
"-3860742842035733934","GLEESONLP","RT @abc7newsBayArea: For the first time, a neighborhood in East San Jose has mosquitoes that tested positive for the West Nile virus: http:…","negative","Thu Jul 25 20:05:15 +0000 2013"
"-6037937333003459900","HawggyStyle","RT @GAFollowers: Today the 1st positive case of West Nile Virus in the Metro Atlanta area was confirmed in Dekalb Co. #UseLotsOfOFF","negative","Thu Jul 25 20:05:18 +0000 2013"
"2219112193326153814","theeBYEeffect","i have the flu guys ://","negative","Thu Jul 25 20:05:23 +0000 2013"
"-3259053073127587096","CDDglobalSalud","La curación de la hepatitis C ha aumentado un 200% en los últimos dos años http://t.co/YRqL7kSYmI","negative","Thu Jul 25 20:05:31 +0000 2013"
"-8583047620422850330","Riche_Moor","RT @GAFollowers: Today the 1st positive case of West Nile Virus in the Metro Atlanta area was confirmed in Dekalb Co. #UseLotsOfOFF","negative","Thu Jul 25 20:05:32 +0000 2013"
"-2728376526405589323","PrincessKelsi24","""@GAFollowers: Today the 1st positive case of West Nile Virus in the Metro Atlanta area was confirmed in Dekalb Co. #UseLotsOfOFF"" wtf..","negative","Thu Jul 25 20:05:35 +0000 2013"
"4507592183580024165","KUSHINGTON_MMI","RT @GAFollowers: Today the 1st positive case of West Nile Virus in the Metro Atlanta area was confirmed in Dekalb Co. #UseLotsOfOFF","negative","Thu Jul 25 20:05:39 +0000 2013"
"8108747163604894976","perfect1987","RT @GAFollowers: Today the 1st positive case of West Nile Virus in the Metro Atlanta area was confirmed in Dekalb Co. #UseLotsOfOFF","negative","Thu Jul 25 20:05:41 +0000 2013"
"-2502460337413941159","N_Owens164","Would you rather get a computer virus or the flu? — computer virus.  my laptop broke a week ago. ;) http://t.co/zelWyQ3r3r","negative","Thu Jul 25 20:05:45 +0000 2013"
"-4386013384846081488","NajaNichols","RT @GAFollowers: Today the 1st positive case of West Nile Virus in the Metro Atlanta area was confirmed in Dekalb Co. #UseLotsOfOFF","negative","Thu Jul 25 20:05:52 +0000 2013"
"400443697801172636","EileenChoffnes","What causes ""waves"" in influenza pandemics? http://t.co/KwF5fhYuEs","negative","Thu Jul 25 20:05:52 +0000 2013"
"2370727073152515918","AMidnightVoyage","Knocked over an entire display of cold and flu drugs in my search for strepsils. What the fuck, self.","negative","Thu Jul 25 20:05:53 +0000 2013"
"-1322341860087843080","cencorolling","@tarigenticae yes-- but I didn't get to do the home stay part cause of the swine flu scare;;; we were thinking of moving someplace between","negative","Thu Jul 25 20:05:55 +0000 2013"
"9145756084384272738","brigittekasko","RT @CP24: Toronto Public Health says a lab report indicates mosquitoes in Toronto have tested positive for West Nile Virus.","negative","Thu Jul 25 20:05:56 +0000 2013"
"-5524617551570030199","xohlaikens","RT @GAFollowers: Today the 1st positive case of West Nile Virus in the Metro Atlanta area was confirmed in Dekalb Co. #UseLotsOfOFF","negative","Thu Jul 25 20:06:05 +0000 2013"
"185378683363714631","passport_health","#Polio Eradication Suffers A Setback As Outbreak in #Somalia Worsens http://t.co/LVWAKpSRLx","negative","Thu Jul 25 20:06:10 +0000 2013"
"5040167723187948510","cayCompass","Hepatitis kills 1.4 million a year: As World Hepatitis Day approaches, the Pan American Health... http://t.co/8ZZsiPeGeT #CaymanIslands","negative","Thu Jul 25 20:06:17 +0000 2013"
"5925637576034484728","dt0r2","RT @GAFollowers: Today the 1st positive case of West Nile Virus in the Metro Atlanta area was confirmed in Dekalb Co. #UseLotsOfOFF","negative","Thu Jul 25 20:06:33 +0000 2013"
"-3585196838565961933","CBSAtlStarzyk","First  case of West Nile virus reported in DeKalb County. Expert says lots you can do to protect yourself. Tonight at 6.","negative","Thu Jul 25 20:06:34 +0000 2013"
"-6545510259605039243","racheloduk","$VRTX - Vertex Provides Update on Ongoing All-Oral Studies of VX-135 in Hepatitis C http://t.co/JYELXO6dQW","negative","Thu Jul 25 20:06:36 +0000 2013"
"3621485034326281993","biotechsmith","$VRTX - Vertex Provides Update on Ongoing All-Oral Studies of VX-135 in Hepatitis C http://t.co/ybasn3m6Py","negative","Thu Jul 25 20:06:39 +0000 2013"
"7796158545464750447","darkknight_25","RT @GAFollowers: Today the 1st positive case of West Nile Virus in the Metro Atlanta area was confirmed in Dekalb Co. #UseLotsOfOFF","negative","Thu Jul 25 20:06:52 +0000 2013"
"3660388535420406555","sam4wong","The government body that advises the #NHS on vaccine policy rejects #MeningitisB #vaccine | via @NHSChoices | http://t.co/Gs3O6evFi1 @WHO","negative","Thu Jul 25 20:06:57 +0000 2013"
"892349452724742186","djndeera01","Mandilale, flu indiphetge and andina monitor for my Pc:( tjoo","negative","Thu Jul 25 20:06:59 +0000 2013"
"7694121297598472799","YoungKing_27","These SARS adverts though...","negative","Thu Jul 25 20:07:00 +0000 2013"
"8896448274049463821","samc4629","RT @Poochda63: New tweeters, old tweeters, flu tweeters. Young niggas dont know shit cause they still in school tweeters","negative","Thu Jul 25 20:07:05 +0000 2013"
"-577736012556077641","SGLynwoodPatch","Five Human #WestNileVirus Cases Found in #LosAngeles County http://t.co/YJn7IhUY3L","negative","Thu Jul 25 20:07:08 +0000 2013"
"-7743716215534829169","BobbiCool","RT @GAFollowers: Today the 1st positive case of West Nile Virus in the Metro Atlanta area was confirmed in Dekalb Co. #UseLotsOfOFF","negative","Thu Jul 25 20:07:11 +0000 2013"
"8775954298074370112","badluckeliza","RT @dufstain: leanla ;_; http://t.co/nHxLJPpH9h","negative","Thu Jul 25 20:07:16 +0000 2013"
"7708845556219310828","dillonwkennedy","RT @GAFollowers: Today the 1st positive case of West Nile Virus in the Metro Atlanta area was confirmed in Dekalb Co. #UseLotsOfOFF","negative","Thu Jul 25 20:07:17 +0000 2013"
"2003884775484947603","mymyrzky","@ALight_Ta @Nety_24 not good nor bad. Flu udah 3 hari ini wuakaka. Wae? Wassap pantes ga muncul.","negative","Thu Jul 25 20:07:35 +0000 2013"
"-3871967786556560579","Harrys___cats","@NiallOfficial I'm sick 2 I have the flu and have had it for ages, we can be sick buddies","negative","Thu Jul 25 20:19:01 +0000 2013"
"-8921138160514890007","btrix23","@JermosJAY nna flu balaaa..shindwa shindwa..was charging the phone...dah ile movie 50amenitoa choziz..aliact vizuri","negative","Thu Jul 25 20:19:14 +0000 2013"
"-7718625036849381522","JACKLIFE1","NWAlert -How to avoid H1N1: Hand washing tips - http://t.co/NSCYc4S2pZ","negative","Thu Jul 25 20:19:18 +0000 2013"
"8938378697790534629","nirogilife","NAlert -West Nile virus symptoms: Detection and diagnosis - http://t.co/m3OIvhWu7P","negative","Thu Jul 25 20:19:29 +0000 2013"
"-3217384709442964107","DoctorKnowhow1","NewsLine -Prevention and control of the SARS virus - http://t.co/RDkR2H3zGZ","negative","Thu Jul 25 20:19:32 +0000 2013"
"6696419950078399119","callme_zina7560","Now that west Nile virus is in DC I'll be dressing like a Saudi Arabian woman with a mean husband until winter time","negative","Thu Jul 25 20:19:38 +0000 2013"
"-5966477826231643104","_Amariaaa","RT @GAFollowers: Today the 1st positive case of West Nile Virus in the Metro Atlanta area was confirmed in Dekalb Co. #UseLotsOfOFF","negative","Thu Jul 25 20:19:40 +0000 2013"
"-4944981442879603669","BernSchuster","RT @GAFollowers: Today the 1st positive case of West Nile Virus in the Metro Atlanta area was confirmed in Dekalb Co. #UseLotsOfOFF","negative","Thu Jul 25 20:19:53 +0000 2013"
"-7839859457696109429","Killionic","RT @Poochda63: New tweeters, old tweeters, flu tweeters. Young niggas dont know shit cause they still in school tweeters","negative","Thu Jul 25 20:19:59 +0000 2013"
"531871778637051626","Thatkid_ED","“@TrickingGawd: Did paco and tuberculosis fight ?!”","negative","Thu Jul 25 20:20:04 +0000 2013"
"-8610297625765141568","bettinaanne13","Ground Hog pushed back till Saturday due to this stupid cold/flu I have.. back to manitoulin for one night #home #bow #jamesbay","negative","Thu Jul 25 20:20:04 +0000 2013"
"4704738992020180262","AyeshaHasan","#Dengue @farhanmasood @SaimaKarim89: 1 leaf per intake 3 times a day (3 leaves in total) pls do not dilute the juice. Allah shifa dey. Ameen","negative","Thu Jul 25 20:20:05 +0000 2013"
"-5186607425723622928","anlane","RT @GAFollowers: Today the 1st positive case of West Nile Virus in the Metro Atlanta area was confirmed in Dekalb Co. #UseLotsOfOFF","negative","Thu Jul 25 20:20:12 +0000 2013"
"3617005050530938861","peter_roc","Craze RT @Amon_Ra_G: Smoke some jedi, it works""@peter_roc: Tomorrow is friday. I dont need this flu like symptoms at all.""","negative","Thu Jul 25 20:20:24 +0000 2013"
"4951282178344723335","TsinuFilms","I don't know what's worse, flu season or baseball season.","negative","Thu Jul 25 20:20:41 +0000 2013"
"946247447359569081","andresdjb","RT @Rharvley: Who gets the flu n July!?","negative","Thu Jul 25 20:20:47 +0000 2013"
"-1022336417736012141","MsJullie","Eh SARS is lyk this dude from the godfather,gives you an option you can't refuse then thanks you for taking the option #SARSTHANKYOUAD","negative","Thu Jul 25 20:20:54 +0000 2013"
"-2031013702913853163","SilverMoon28","@mrs_backstreet I've contributed :) But I also contributed to cancer and polio, so I'm guilt-free. AND I get a signed copy of the album.","negative","Thu Jul 25 20:21:04 +0000 2013"
"2877774994114688206","MyStartUpSA","@Nqamakweboy @mabine_seabe It helps to register the business at CIPC and also with SARS before applying for any funding.","negative","Thu Jul 25 20:21:14 +0000 2013"
"-5329246359101359425","bringawookie","Now when a big lands on me all I think about is West Nile virus and worms being squeezed out of me","negative","Thu Jul 25 20:21:16 +0000 2013"
"5560235226918787761","dailyRx_Allergy","Can't Have an Omelette, but can Still Get the Flu Shot http://t.co/cUtROf65lD #allergies","negative","Thu Jul 25 20:21:18 +0000 2013"
"-3056774682036055714","arrankumar","@LeanneGateson loool how funny! did they say what was wrong? flu, sniffles?","negative","Thu Jul 25 20:21:18 +0000 2013"
"8933652582426664503","MountSinaiNYC","Mount Sinai Researchers Identify Vulnerabilities of the Deadly #Ebola #Virus: http://t.co/aJslBx0iGM http://t.co/GpkunWP8Rv","negative","Thu Jul 25 20:21:25 +0000 2013"
"-5468064000465277631","dhurotul_laila","Jebolnya udh bnyk ka;'D ""@eviwahyuni28_: Gausah puasa aja dlu de RT""@dhurotul_laila: Psing,flu kak""@eviwahyuni28_: Sma sma,Skit apa de? RT""","negative","Thu Jul 25 20:21:28 +0000 2013"
"-7592824249431508866","Avon_BBP_Feels","I officially can't talk right now! Thank you sore throat and flu 😭 but anyways Good afternoon everyone how are you all doing 😁","negative","Thu Jul 25 20:21:29 +0000 2013"
"7854065998373867043","nikhil_mahant","It wasn't someone who practices homeopathy who found a cure for smallpox, or polio. Scientists did. Medical scientists.","negative","Thu Jul 25 20:21:34 +0000 2013"
"-3840880106608001154","_xMaiya_xMonike","#TBT when I had the flu http://t.co/2E1A7bQqCR","negative","Thu Jul 25 20:21:46 +0000 2013"
"318217006644433896","obri3l","what even happened to swine flu lol","negative","Thu Jul 25 20:21:53 +0000 2013"
"1193648583145329409","matt_lattner","""You look like you have polio... in a good way."" @AbbyFinlayson #What?","negative","Thu Jul 25 20:22:04 +0000 2013"
"-6808005710512130870","amandakrawczyk","One of my coworkers def just saw me in public after I called in sick to work because of the ""stomach flu"" ha oops","negative","Thu Jul 25 20:22:13 +0000 2013"
"-44952659346899839","rainee_drop",":: it's time to go!!!! RT @GAFollowers Today the 1st positive case of West Nile Virus in the Metro Atlanta area was confirmed in Dekalb Co.","negative","Thu Jul 25 20:22:14 +0000 2013"
"7168326652209202899","movilcomfutrono","Seremi de Salud confirma Influenza Ah1n1 en pacientes fallecidas en Los Ríos http://t.co/1xQ7FjaHBG","negative","Thu Jul 25 20:22:15 +0000 2013"
"-7533356349037736257","MDLinx","The management of alcoholic hepatitis: a prospective comparison of scoring systems: Alimentary Pharmacolog... http://t.co/piexhE175H #GI","negative","Thu Jul 25 20:22:18 +0000 2013"
"-4805771528739141707","LukeCoolaskians","going to be on bed rest for two days got the flu :/ #WorstSummerEver","negative","Thu Jul 25 20:22:32 +0000 2013"
"-5705941812443546007","ComeupCullins","Fuck! “@GAFollowers: Today the 1st positive case of West Nile Virus in the Metro Atlanta area was confirmed in Dekalb Co. #UseLotsOfOFF”","negative","Thu Jul 25 20:22:41 +0000 2013"
"-6184780950372477129","Beausmistress","I refuse to watch Paranormal Activity ever again. It gave me the flu :'(","negative","Thu Jul 25 20:22:44 +0000 2013"
"1413801430679381989","iRoqHaterBloqaz","@Soyabeanyweeny lmao wring up neck** the baby dem wi get meningitis! JUSTICE!!!!! Is when she say 'drowndid' :'')","negative","Thu Jul 25 20:22:48 +0000 2013"
"-2371149242813515539","M2brahms","""@Sentletse: SARS! RT @ChumaDick: Failure “@MrMakhosini: What do you fear?” Severe Acute Respiratory Syndrome ??","negative","Thu Jul 25 20:22:49 +0000 2013"
"7429932204115378489","Quadratinoaxaca","Fortalece @Tu_IMSS acciones preventivas contra dengue en  Istmo y Costa
http://t.co/L9WtiNLV4x","negative","Thu Jul 25 20:22:53 +0000 2013"
"-342079384098861282","dreamcharm","RT @abc7newsBayArea: For the first time, a neighborhood in East San Jose has mosquitoes that tested positive for the West Nile virus: http:…","negative","Thu Jul 25 20:22:54 +0000 2013"
"-3177629208571812745","ivettewiewel569","That was the most damage-filled attempt to avoid catching Ryan Newman's flu I have ever seen. #WhelenModified #bristol","negative","Thu Jul 25 20:22:54 +0000 2013"
"-9108848848614564286","JD_Byrd","Stomach flu just in time for being photographed tonight..Great! 😔","negative","Thu Jul 25 20:22:56 +0000 2013"
"8290371768132733602","BriLyssa","RT @GAFollowers: Today the 1st positive case of West Nile Virus in the Metro Atlanta area was confirmed in Dekalb Co. #UseLotsOfOFF","negative","Thu Jul 25 20:22:58 +0000 2013"
"639923667193552113","GhostWridah","RT @Jayy_LYFEMusic: Join the Ghostwridah Flu Game Remix... For more details visit http://t.co/Isoed4LNE4 #hiphop #mixtape #lyfemusic http:/…","negative","Thu Jul 25 20:23:08 +0000 2013"
"7547769714579723213","californianewsn","Health officials urge caution on West Nile virus in Los Angeles County http://t.co/r4Wr9rfiQX #SantaClarita","negative","Thu Jul 25 20:23:09 +0000 2013"
"-3532356983831463627","LTMStaffs","RT @RACMagazine: Edinburgh Legionnaire's health and safety investigation cost £750,000 #legionella #healthandsafety http://t.co/8G9pdgG1wB","negative","Thu Jul 25 20:23:26 +0000 2013"
"-1247386603725433719","Soyabeanyweeny","LOOOL RT @iRoqHaterBloqaz: @Soyabeanyweeny lmao wring up neck** the baby dem wi get meningitis! JUSTICE!!!!! Is when she say 'drowndid' :'')","negative","Thu Jul 25 20:23:35 +0000 2013"
"-1613795222195172833","vhdlrband","@CKNW After the Hepatitis scare are you kidding me? Anal sex even with a woman is disgusting even and unsanitary.","negative","Thu Jul 25 20:23:37 +0000 2013"
"3282434857991090797","Flin_Stoner","Got the flu","negative","Thu Jul 25 20:23:49 +0000 2013"
"-7040574521554931349","8Cameron","How can I end up with flu in summer ? Didn't even think that was possible !","negative","Thu Jul 25 20:23:51 +0000 2013"
"4355855303755582192","ShakiiraHarris","Pssht no I'm not sick. #flu #sick #tissuesareanissue http://t.co/tauNcAsQQ5","negative","Thu Jul 25 20:23:54 +0000 2013"
"-5294517611827653029","brook_lippert","having to miss baseball practice cuz I have the flu #athleteproblems","negative","Thu Jul 25 20:24:54 +0000 2013"
"-3890557234388825561","turnkeyimaging","New light shed on cause of pandemic influenza http://t.co/U4yutetdYu","negative","Thu Jul 25 20:25:01 +0000 2013"
"3423144797696630585","Uzmaniaaa","I WILL be getting a flu shot via Walgreens once this passes, cause I be damned.","negative","Thu Jul 25 20:25:09 +0000 2013"
"-6136103068941103537","ShashaCaca","I've got fever and flu . Hmmm","negative","Thu Jul 25 20:25:10 +0000 2013"
"8422697498933765558","The_Ginger__","@Trojanfball hey coach. Kevin wissing here. I won't be at practice bc I'm stuck with the flu and going to the hospital. Be there Tuesday!","negative","Thu Jul 25 20:25:18 +0000 2013"
"2901908130795015856","joshnik91","I'd rather thrust a hepatitis-ridden heroin needle up my dickhole than vote for Scottish independence. #indyref","negative","Thu Jul 25 20:25:21 +0000 2013"
"-8530242287022148107","_kunle_A","so you ain't coming ? “@Flin_Stoner: Got the flu”","negative","Thu Jul 25 20:25:23 +0000 2013"
"6371104017038788210","SamBrimbleXxX","Would you rather get a computer virus or the flu? — The flu http://t.co/edOL86wxE9","negative","Thu Jul 25 20:25:31 +0000 2013"
"8309750949429542132","Im_Supaflii","RT @tru4ly_speakin: ""@GAFollowers: Today the 1st positive case of West Nile Virus in the Metro Atlanta area was confirmed in Dekalb Co. #Us…","negative","Thu Jul 25 20:25:37 +0000 2013"
"-543618802940829332","OptimusCrystal","""And when you said ""I'm down with that"" it meant you had the flu. I miss back when...""","negative","Thu Jul 25 23:21:08 +0000 2013"
"-8115917132816034894","pandemic_news","Deadly Middle East virus unlikely to cause SARS-like epidemic http://t.co/Uc04tb69Ng #Coronavirus #MERS #pandemic","negative","Thu Jul 25 23:21:10 +0000 2013"
"586298454055441051","Ktkinzxx","Cold and flu tablets... Paracetamol.... Cough syrup and bed!","negative","Thu Jul 25 23:21:21 +0000 2013"
"7476935183965507733","anilsiri19","NW Line - Symptoms of pulmonary tuberculosis http://t.co/JJLrCh4lP3","negative","Thu Jul 25 23:21:33 +0000 2013"
"-6232719754873868603","camilleboli","RT @shymofficiel: “@babethbarriol: @Rimtone  @WarnerMusicFR allez une derniere, prends tu H1N1 ou du SRAS ca ira mieux...je l''espere!” Les…","negative","Thu Jul 25 23:21:36 +0000 2013"
"-2907531281880338602","syd_neylol","Would you rather get a computer virus or the flu? — Computer virus! http://t.co/qiKqz9UEUE","negative","Thu Jul 25 23:21:51 +0000 2013"
"2664936607920229583","DoorCoHealth","Public Health Departments work to keep diseases like Tuberculosis under control! http://t.co/JmX0jlesIF","negative","Thu Jul 25 23:21:52 +0000 2013"
"7965118994471592630","ReAlYoUnGbUcK_8","There is a mysterious flu going around the Loncar household","negative","Thu Jul 25 23:21:55 +0000 2013"
"-331065901193704074","rhimzo10","‘Hepatitis B worse than HIV’: ‘Hepatitis B worse than HIV’ is a news article from: Vanguard News Ahead of the ... http://t.co/RIQfdWwT0C","negative","Thu Jul 25 23:21:55 +0000 2013"
"6763491405899786202","VaporCentral","3RD KLASS THURSDAYS 2nite! I've got a bad case of the Japanese nose-flu and I lost my list of booked comedians so... http://t.co/SUxhLgVVes","negative","Thu Jul 25 23:22:01 +0000 2013"
"2572491233195587051","tricoloringles","@maxffc I think that he needs to play a little further back. When he first signed for Flu he had more defensive duties and was better.","negative","Thu Jul 25 23:22:02 +0000 2013"
"-4599804345873795179","GboruM","#TGICTweeps ‘Hepatitis B worse than HIV’: ‘Hepatitis B worse than HIV’ is a news article from… http://t.co/nZK2Rp5ypz","negative","Thu Jul 25 23:22:07 +0000 2013"
"3650377428870287010","DirMedicoCancun","Afecta hepatitis C a 170 millones de personas en el mundo: Expertos - Hoy Tamaulipas http://t.co/79GVZyYZ9L","negative","Thu Jul 25 23:26:29 +0000 2013"
"996048948230101655","onobloom","Flu attack (at Bukoms Street Club &amp; Resort) — https://t.co/tnFxes0qfC","negative","Thu Jul 25 23:26:29 +0000 2013"
"-1476868227459617175","illinoisnewsil","The Beacon News - Mosquitoes with West Nile  virus found in Naperville http://t.co/YbLPSMGrSZ","negative","Thu Jul 25 23:26:31 +0000 2013"
"-3525690173131471622","jaimee_cummings","@sywaustin I have the stomach flu. And yourself?","negative","Thu Jul 25 23:26:32 +0000 2013"
"3986319953947334551","MoneyLyons","Ain't no Jordan shoe worse then the Flu Game 12's with that stupid ass face on em.","negative","Thu Jul 25 23:26:39 +0000 2013"
"-7979663139524962465","davo_rugerio","Cada año, 19 mil nuevos casos de Hepatitis C en el país. http://t.co/6kFj56k9Q8 http://t.co/6kFj56k9Q8","negative","Thu Jul 25 23:26:46 +0000 2013"
"-7379906221808410863","saskiafahri","RT @Erin_Alya: GWS WINNIE THE POOH ku :*""@saskiafahri: Flu""","negative","Thu Jul 25 23:26:48 +0000 2013"
"2904149787142676475","GemmaSayless","Would you rather get a computer virus or the flu? — Computer virus. What's my own jor http://t.co/2K7fX3R4JX","negative","Thu Jul 25 23:26:52 +0000 2013"
"-2900726417409166199","wickedbunnies","Damn!! Gabisa tidur...lupa minum obat pas sahur padahal lagi flu... #selfkeplak","negative","Thu Jul 25 23:26:56 +0000 2013"
"-1945417139605100064","sanjuannoticias","Tiempo de San Juan - La provincia le hace frente a la Hepatitis http://t.co/13msbdjKYe","negative","Thu Jul 25 23:26:59 +0000 2013"
"-8864232913474075515","feyiphillips","I'm down with the flu...arghhh its so hard trying to stay awake so I can take my medication...","negative","Thu Jul 25 23:27:05 +0000 2013"
"-6866304092938041999","Carolinem14","Not being able to sleep is shiteee! #Flu :(","negative","Thu Jul 25 23:27:15 +0000 2013"
"-2576151449132667185","McWeezy27","@92726620 
I had swine flu

That shit was NOT cool 😔","negative","Thu Jul 25 23:27:18 +0000 2013"
"1300413468277891767","FluPonCoupon","Save 30% on Flu inoculations at Walgreens","negative","Thu Jul 25 23:29:51 +0000 2013"
"-4473491243151648852","Ciroc_Cutie","@SereneProfound I have the flu","negative","Thu Jul 25 23:29:55 +0000 2013"
"6254623049410591691","KnowsisHealth","Deadly Middle East virus unlikely to cause SARS-like epidemic http://t.co/0Yo2HDvCF0","negative","Thu Jul 25 23:29:57 +0000 2013"
"8126884645969580203","bravesheng","@Engadget中文版
Flurry 發佈中國大陸行動市場調查報告：裝置活躍安裝量佔全球 24%，小米值得關注
http://t.co/aa65IvUDcG","negative","Thu Jul 25 23:30:07 +0000 2013"
"-446456136178961812","live_h1n1","Does the dangerous new Middle East coronavirus have an African origin? - Science Daily (press release) : http://t.co/VDErNmp2bD","negative","Thu Jul 25 23:30:10 +0000 2013"
"-4011929703669514361","guttabihh","I swea yall dnt eva wanna have the flu","negative","Thu Jul 25 23:30:18 +0000 2013"
"-5602626694975987007","tromepe","Sepa cómo tratar la tuberculosis pulmonar---&gt; http://t.co/1uOFZYmPVf","negative","Thu Jul 25 23:30:21 +0000 2013"
"3444846054036166367","Ed_Cunard","@J_Skyyy I have had two hangovers in my entire life. First one, at 32. Confused the hell out of me. Thought it was the flu.","negative","Thu Jul 25 23:30:27 +0000 2013"
"-4624675190915538021","LovieCameron","@Will_Tho said that he was coming down with the swag flu","negative","Thu Jul 25 23:30:39 +0000 2013"
"-280180662448908686","jezebill","RT @yikesks: @keriRN @Stillsweetwater @Jipso19 @jezebill Could be allergies, instead of Keri Flu. LOL \ She needs some 'tention","negative","Thu Jul 25 23:30:45 +0000 2013"
"-7965907967268694079","kei_aguilar","RT @AngelineQuinto: Happy happy birthday Sars @JustSarahG :) imissyou &amp; iloveyou. Stay happy.
God bless you♥♥","negative","Thu Jul 25 23:30:48 +0000 2013"
"-7494014505936507781","kittypereira","Body still aching and cold. Sleep whole day also still like this. Flu somemore . Oh God bless me.","negative","Thu Jul 25 23:31:03 +0000 2013"
"-8644974786819059665","MedUCIySalPub","CDC H1N1 Flu | Questions &amp; Answers Novel H1N1 Influenza Vaccine - @CDCgov http://t.co/CAxcFY7dqt","negative","Thu Jul 25 23:34:51 +0000 2013"
"8729160593369826563","ButlerJason","Last time I saw this many Asians was at the vaccine line during the SARS outbreak in downtown Toronto.","negative","Thu Jul 25 23:34:58 +0000 2013"
"-8028458514076977935","CristinaKnows90","#Selfie #Flu #Sick http://t.co/zcNA5iz6pL","negative","Thu Jul 25 23:35:03 +0000 2013"
"-783306273859894444","mjmccarthy83","RT @KikkiPlanet: Measles back thanks to the new McCarthyism: science denial &amp; anti-vax nonsense.  http://t.co/MZ04FIvKQB","negative","Thu Jul 25 23:35:07 +0000 2013"
"-5885008218273276321","YetikaWisp","RT @mariannemiller: I'd like to take this moment to thank everyone who decided not to vaccinate their children for bringing measles back! h…","negative","Thu Jul 25 23:35:13 +0000 2013"
"-2329347015357166757","YetikaWisp","RT @mariannemiller: I know I personally missed measles.  So glad to see it returning, however slowly. It's not like it's easily preventable…","negative","Thu Jul 25 23:35:20 +0000 2013"
"-1397372572139249134","shawnemilystoik","Fascinating! This is one of my *Most-Read* blog posts: Beating the #Flu Naturally! Awesome to see how many people... http://t.co/GVTUdQ4fBP","negative","Thu Jul 25 23:35:28 +0000 2013"
"-4085726633454797870","YetikaWisp","RT @mariannemiller: Martin had measles as a kid because his mom bought into this anti-vaccine nonsense. She threw a fit when we had to get …","negative","Thu Jul 25 23:35:29 +0000 2013"
"-8959700990666319419","Dorotka1989","RT @twprefs: #imagine you having the flu. Nathan doesn't leave your side for one second. He keeps on making you tea and cuddles with you al…","negative","Thu Jul 25 23:35:34 +0000 2013"
"154710618518002520","Xo_Milenaa","Would you rather get a computer virus or the flu? — None lol http://t.co/ph4A7Afrn6","negative","Thu Jul 25 23:35:35 +0000 2013"
"9034862885548725725","3DTechPrep","RT @FreedomPreppers: Prepping for #Pandemic Flu
http://t.co/sQDSgLETdz
via @FreedomPreppers
#PrepperTalk #Preppers #Survival","negative","Thu Jul 25 23:35:36 +0000 2013"
"-3260680585556432667","AnnQld1","Off to get bigger antibiotics to kill the winter cough n splutter . Aaah  doth cometh but once a year , ...flu injection or not!.","negative","Thu Jul 25 23:35:37 +0000 2013"
"-2178593068240753","snkscoyote","Measles is back. It had help http://t.co/EIh7E5hgun","negative","Thu Jul 25 23:35:40 +0000 2013"
"-9156788183811036224","evolidle","remember swine flu reblog if ur a tru 2009 kid","negative","Thu Jul 25 23:35:51 +0000 2013"
"7302554084270775834","andrewnelsoncar","RT @PatchNaperville: Mosquitoes in Naperville Test Positive for West Nile Virus http://t.co/UTaoOSDLAv","negative","Thu Jul 25 23:35:53 +0000 2013"
"2522608013697845387","WalaEdrees","@Arch_Asaad @lulla_NA and i think it's a sick face "" having a flu or something"" ,,lool","negative","Thu Jul 25 23:35:55 +0000 2013"
"-4923179558565960544","RachelSpearing","Off to ENT specialist today. Now I'm 7 wks into this flu/cold/asthma my faith is 100% in this man's hands. Pls fix me !!!","negative","Thu Jul 25 23:35:57 +0000 2013"
"2896399851884893727","ButlerJason","Last time this many Asians congregated in one area was at the vaccine line during the SARS outbreak, downtown Toronto.","negative","Thu Jul 25 23:35:59 +0000 2013"
"-1084049423773432543","pandemic_news","Deadly Middle East virus unlikely to cause SARS-like epidemic http://t.co/kbwpNGE4WM","negative","Thu Jul 25 23:35:59 +0000 2013"
"771258168811874027","Roche0607","@andy_freitag Man flu..? Going on my jollys again, to Sorrento this time, we fly out tomorrow","negative","Thu Jul 25 23:35:59 +0000 2013"
"2488863945026074912","MichaelRossMESH","Deadly Middle East virus unlikely to cause SARS-like epidemic http://t.co/hmtevam7wj #MESHintel","negative","Thu Jul 25 23:36:02 +0000 2013"
"-8182644816102922422","evolidle","remember swine flu retweet if ur a tru 2009 kid","negative","Thu Jul 25 23:36:13 +0000 2013"
"-1925325626841386206","kidyeol","@_wonshik i have german measles.... sobs... i'm gonna be stuck at home until next week....","negative","Thu Jul 25 23:36:21 +0000 2013"
"3375226384996633049","tristarbee","RT @WHCU870: State Department of Health warns of West Nile virus http://t.co/GpjZWi07km","negative","Thu Jul 25 23:36:25 +0000 2013"
"-3439844605639500525","MSPSmallBiz","RT @HealthAlrts: [FDA Press Releases] FDA permits marketing of first U.S. test labeled for simultaneous detection of tuberculosis... http:/…","negative","Thu Jul 25 23:36:31 +0000 2013"
"-1169930506405044302","mariajulianav15","@FuadRodriguezR amiguito me dijeron y que tenias dengue :( es verdad?","negative","Thu Jul 25 23:36:34 +0000 2013"
"-2464353674831950933","iansbro","I liked a @YouTube video http://t.co/n6wPc6synl Thai students get flu shot 2/2","negative","Thu Jul 25 23:39:14 +0000 2013"
"-3612192513713578017","Rul_nuuruull","RT @Gombal_FK: Tau gak bedanya M. tuberculosis sama kamu? Kalo M. tuberculosis nempelnya di paru-paru, kalo kamu nempelnya dihati #eaaak (@…","negative","Thu Jul 25 23:39:18 +0000 2013"
"5033321154534669500","ThatBS","Why #MERS Isn't SARS, Pt. 3: Most Descriptive Report To Date Cites Major Contrasts Between The Coronavirus Outbreaks http://t.co/KBw1W4k45W","negative","Thu Jul 25 23:39:19 +0000 2013"
"-1843296063979062359","YARABASOUDAN","I hate summer flu it leaves you breathless literary ☺!","negative","Thu Jul 25 23:40:03 +0000 2013"
"5938609753440313802","SinEmbargoTR","La hepatitis C afecta a 170 millones de personas en el mundo: Expertos http://t.co/SA9zIo9W3e","negative","Thu Jul 25 23:40:14 +0000 2013"
"-7288711195307169251","syafiqsams","A fecking flu on a fecking friday is fecked up -.-","negative","Thu Jul 25 23:40:16 +0000 2013"
"-146597135137763124","KeepIt1thou_Wow","Rick Ross always barking. Tyga got a sore throat. Gucci got the flu, Lil Wayne's lighter is broke, &amp; Wiz Khalifa thinks everything is funny","negative","Thu Jul 25 23:40:18 +0000 2013"
"7969084803936899539","Hugi_bear","This flu must be gone by 6pm today... Weekend is here.","negative","Thu Jul 25 23:40:21 +0000 2013"
"2385699079568190049","ChrissMikhael","@Sleiman_86 How'd you get the flu","negative","Thu Jul 25 23:40:22 +0000 2013"
"5860095163997456769","katymuldoon","Packy the Oregon Zoo elephant will get preventive treatment for tuberculosis | http://t.co/x56OmbCF25 http://t.co/n5W1t6e7pX","negative","Thu Jul 25 23:40:24 +0000 2013"
"8055307667957438777","FeriaYoReciclo","Yo RECICLO llantas: evito criaderos de mosquito y epidemia de dengue -&gt; SÁB27 12-5pm Oxford School http://t.co/K0u5NMolDd","negative","Thu Jul 25 23:40:31 +0000 2013"
"-7370185397861462193","AstroAllie5","RT @spacecom: Godwin: STS-107 Columbia crystal growth experiment recovered after crash and developed a Hepatitis C vaccine from it. #newspa…","negative","Thu Jul 25 23:40:44 +0000 2013"
"5261891374012871275","TeamStylesIRE","I might have the measles omfg *cue dramatic music*","negative","Thu Jul 25 23:41:05 +0000 2013"
"-5020924256305656293","reissasu","Tuberculosis Epidemic in Queensland Feared, Official Wants Borders Near PNG Closed: http://t.co/w8SKftKUox  #qld #auspol #health #PNG","negative","Thu Jul 25 23:41:13 +0000 2013"
"-5045559655029364152","JACKLIFE1","NWAlert -What are the symptoms of H1N1 virus? - http://t.co/LGbCIZjm4Y","negative","Thu Jul 25 23:41:15 +0000 2013"
"-5637128252445080101","CALnewswire","CDPH Reports First Human West Nile Virus Case This Summer http://t.co/LCKi8IMKHU","negative","Thu Jul 25 23:41:32 +0000 2013"
"3320056481228532882","MarkBamba","Deadly Middle East virus unlikely to cause SARS-like epidemic http://t.co/2cyUAX2Soh","negative","Thu Jul 25 23:41:47 +0000 2013"
"-7975175203275503945","andy_freitag","@Roche0607 yh malia flu is what it is, how is Chloe doing also how was your interview?","negative","Thu Jul 25 23:41:58 +0000 2013"
"7832595851683282432","GMANewsOnline","Deadly Middle East virus unlikely to cause SARS-like epidemic http://t.co/XirVO9gLe6","negative","Thu Jul 25 23:42:31 +0000 2013"
"3983084853866438033","SSSSSSSonnia","TE AMO NEGRA DENGUE CELOSA♥♥ http://t.co/drS2KbXhfI","negative","Thu Jul 25 23:43:12 +0000 2013"
"440733924507451820","DennisPeck1","RT @katymuldoon: Packy the Oregon Zoo elephant will get preventive treatment for tuberculosis | http://t.co/x56OmbCF25 http://t.co/n5W1t6e7…","negative","Thu Jul 25 23:43:13 +0000 2013"
"-5663905020742714524","Vikibjeuh","Elder Care: Seniors and Flu Season, Taking Care of Elderly Loved Ones and Preventing Flu http://t.co/aGqCsY38uC","negative","Thu Jul 25 23:43:18 +0000 2013"
"-8114631099530784826","ringgoagung","Salae wingi udan2 ngejak neng mbahrowo :D RT @annisa_nonnik: Flu :(","negative","Thu Jul 25 23:43:21 +0000 2013"
"-8109724323457019639","karita_ballet","Still with flu but nothing was an obstacle to take ballet and yoga class today #sick &amp; #happy #livingbuenosaires","negative","Thu Jul 25 23:43:25 +0000 2013"
"821807773805819","kel_logg","@Uzmaniaaa flu during the summer?! that's a big bummer dude.","negative","Thu Jul 25 23:43:34 +0000 2013"
"8293082314405049931","chequito19","@NiallOfficial Baby how you feel? it hurts you?, I'm also sick with flu, love took something for the pain?:( Take a chamomile tea for pain♥","negative","Thu Jul 25 23:43:38 +0000 2013"
"7150975112007427503","alanbintang","RT @mahaabigail: Fuck influenza off!","negative","Thu Jul 25 23:43:39 +0000 2013"
"4090838081334428188","joriellejaayne","Catchin' Bieber fever, forget the swine flu @justinbieber","negative","Thu Jul 25 23:43:40 +0000 2013"
"-4892164698345565253","BunnyHaight","To top off the day Im going to go home and eat my feelings even though Im just getting over the stomach flu","negative","Thu Jul 25 23:43:42 +0000 2013"
"3597477527694079261","Lola9393","Gravel, neo citron and Tylenol cold/flu night time for dinner = 😴 world #sick","negative","Thu Jul 25 23:43:49 +0000 2013"
"4707865427285135823","justdessyy","KWU : materi.y cuma 2slide format Xps tapi soal.y akan membuat anda menulis cerpen sebanyak 2halaman Polio bolak balik :)","negative","Thu Jul 25 23:44:01 +0000 2013"
"-4947371118834778159","GayeWest2","Listening to SARS - Budjav Lebac","negative","Thu Jul 25 23:44:15 +0000 2013"
"-3869236638963439190","Loupo85","RT @tradeblog: Forex News: Deadly Middle East virus unlikely to cause SARS-like epidemic: Despite its high current death rate... http://t.c…","negative","Thu Jul 25 23:44:20 +0000 2013"
"4282433011586796427","KEPublishing","RT @HealthAlrts: [FDA Press Releases] FDA permits marketing of first U.S. test labeled for simultaneous detection of tuberculosis... http:/…","negative","Thu Jul 25 23:44:24 +0000 2013"
"7100612813189515545","Danoo__13","Got the flu😭","negative","Thu Jul 25 23:44:25 +0000 2013"
"-9031395240099226149","chrissyfurr","Is this flu tryna get at me now? -_-","negative","Thu Jul 25 23:44:29 +0000 2013"
"-2342200230412854270","Viana96_","Cough and Flu! Hm","negative","Thu Jul 25 23:44:29 +0000 2013"
"-2003410041520034421","chedlefer","RT @92726620: remember swine flu retweet if ur a tru 2009 kid","negative","Thu Jul 25 23:44:30 +0000 2013"
"5540887541005564022","therios1996","Would you rather get a computer virus or the flu? — Idk computer virus http://t.co/9TeAOs5FId","negative","Thu Jul 25 23:44:31 +0000 2013"
"7640480817473602832","SelenaKnoxville","I hate this left side flu!!! 🐽😷💊","negative","Thu Jul 25 23:44:32 +0000 2013"
"-8860859864968936225","carlox_ER","Sobre la exagerada y negociadamente temida H1N1 @Minsa_Peru @AnonymousPeru @FranBrivioGrill @padelriol @recisneros http://t.co/c08g5y3gR3","negative","Thu Jul 25 23:44:35 +0000 2013"
"-9019875787595916033","hhhirofumi","@garry12gg  Severe Acute Respiratory Syndrome. I hope you are in good health.
http://t.co/Yd7gxRR8Qz","negative","Thu Jul 25 23:45:26 +0000 2013"
"-5739175273628480997","clareefron","Ok Flu.  In get it. You are powerful. I can not compete with your awesomeness.  I give.  Now.  Leave me alone.  #fluthoughts","negative","Thu Jul 25 23:45:41 +0000 2013"
"9154973074375882967","hainsworthtv","Measles is back. It had help http://t.co/Y2hpr6OIAn","negative","Thu Jul 25 23:45:41 +0000 2013"
"2342817335950441204","katiazev","medicalboox: A Closer Look At The Symptoms Of Hepatitis C http://t.co/2mtsrBC8kN","negative","Thu Jul 25 23:45:42 +0000 2013"
"-552883901365336433","AsteroidEnergy","RT  @spacecom Godwin: STS-107 Columbia crystal growth experiment recovered after crash and developed a Hepatitis C vaccine from it","negative","Thu Jul 25 23:45:50 +0000 2013"
"-3411915660214037765","Goddess_Corinna","@PuppySOLDIER // It sounds more a flu. A cold is usually gone after a day or two. The flu sometimes lasts a week or more.","negative","Thu Jul 25 23:45:56 +0000 2013"
"-7077202115460233998","ponder68","RT @AsteroidEnergy: RT  @spacecom Godwin: STS-107 Columbia crystal growth experiment recovered after crash and developed a Hepatitis C vacc…","negative","Thu Jul 25 23:46:04 +0000 2013"
"6483970768691760820","vthompson2010","RT @NEMA_web: Acting Secretary of CA Emergency Mgmt Agency Matt Bettenhausen addresses CSG Annual Meeting on Lessons Learned from the Respo…","negative","Thu Jul 25 23:46:07 +0000 2013"
"6311195653945176678","JACKLIFE1","NWAlert -About the H1N1 nasal spray - http://t.co/WpXrHJDRQm","negative","Thu Jul 25 23:46:10 +0000 2013"
"1851404488276733510","carlee_chatzis","Wonder if Sars watching hp too😂 @sarahhdeckerr","negative","Thu Jul 25 23:46:15 +0000 2013"
"8983950698271136955","Sleiman_86","Off you 'Mr I'm not contagious'  RT @ChrissMikhael: @Sleiman_86 How'd you get the flu","negative","Thu Jul 25 23:46:17 +0000 2013"
"7326768046441869305","nirogilife","NAlert -Prevention and control of the SARS virus - http://t.co/WTDfX91pwa","negative","Thu Jul 25 23:46:25 +0000 2013"
"7544080045120605952","TheRonstar","Frank Ocean was amazing last night.Struggling with flu he soldiered on and sang better with every song but u could see pain,anguish. #gold","negative","Thu Jul 25 23:47:06 +0000 2013"
"-5459512710960647399","ya_sg","RT @gabvalenciano: Happy Birthday, @JustSarahG! May you continue to inspire others. Be blessed, Sars. Miss u! #teamsglive #popster http://t…","negative","Fri Jul 26 13:44:28 +0000 2013"
"5823535200410563803","TheTcK178","RT @FactHive: Green pigs are the enemies in Angry Birds because the swine flu epidemic was in the news during the game's development.","negative","Fri Jul 26 13:44:31 +0000 2013"
"-8126680179961542873","NtokozoMsimanga","RT @FactHive: Green pigs are the enemies in Angry Birds because the swine flu epidemic was in the news during the game's development.","negative","Fri Jul 26 13:44:35 +0000 2013"
"259603687658751858","katiehopkins52","RT @FactHive: Green pigs are the enemies in Angry Birds because the swine flu epidemic was in the news during the game's development.","negative","Fri Jul 26 13:44:36 +0000 2013"
"5867765076760366069","guguszahirina","RT @FactHive: Green pigs are the enemies in Angry Birds because the swine flu epidemic was in the news during the game's development.","negative","Fri Jul 26 13:44:50 +0000 2013"
"-6067641942292280383","DraKisel","Measles is back. It had help http://t.co/A0ZhlnZJzU","negative","Fri Jul 26 13:44:54 +0000 2013"
"-110139004589958097","langetombee","@aliettedb Polio would be my guess :(","negative","Fri Jul 26 13:44:55 +0000 2013"
"-5769611724686055296","mukhsinmohd","I got sickof this mothafucka flu! &gt;.&lt;""","negative","Fri Jul 26 13:45:01 +0000 2013"
"-34585713394530483","yakuza893usa","RT @FoxNews: MERS virus may be deadlier than SARS, study finds http://t.co/5eIPDb5He1","negative","Fri Jul 26 13:45:10 +0000 2013"
"-1132019111744694543","StitchesGh","""@ObibaKojo: She sells tubers of yam so we'll call her tuberculosis."" http://t.co/IimLlgxu7x","negative","Fri Jul 26 13:45:15 +0000 2013"
"6336737646029831448","ethel_hon","Flu again /.\","negative","Fri Jul 26 13:45:17 +0000 2013"
"-8728761429756588704","frhizztizaihid","Im having a flu right now :x","negative","Fri Jul 26 13:45:23 +0000 2013"
"-7639917665475049370","YannyTammyCM","RT @Salud_Ec: @Salud_Ec ¿Cómo me protejo de la #influenza #AH1N1? Aquí una guía completa: http://t.co/8hINfySCOm  #Ecuador Favor RT","negative","Fri Jul 26 13:45:23 +0000 2013"
"6833154896414702960","geelica","I hope I don't have the West Nile virus 😳","negative","Fri Jul 26 13:45:24 +0000 2013"
"-1557623323204966158","ZuhierAL","Once again. Flu.","negative","Fri Jul 26 13:45:25 +0000 2013"
"-819131904870875766","jomaxx","RT @CBCHealth: West Nile virus found in Windsor-Essex http://t.co/Q8F65zFUqX","negative","Fri Jul 26 13:45:35 +0000 2013"
"-8033688432503407667","SPNHellSamW","My grip tightens on the blanket as i hear Lucifer getting closer to me..I cough quietly as i shake..Il put it down to the flu..Yes the flu.","negative","Fri Jul 26 13:45:45 +0000 2013"
"736611162380941445","HawaiiRecovery","Recently Emerged MERS Virus Less Infectious Than SARS: Study: FRIDAY, July 26 -- Important differences between... http://t.co/mzcJZ8KQQ6","negative","Fri Jul 26 13:45:50 +0000 2013"
"-2213030955236782152","AndriyaniViviL","Geura jadian atuh:( iya ih,aduh sama tau kita sehati wae ih{} @fatmawatiechi18 Amin,haha:D skit jga bep?sma aku jga flu berat nih,demam lgi","negative","Fri Jul 26 13:45:55 +0000 2013"
"1965478913557819513","hazysnaps","RT @FactHive: Green pigs are the enemies in Angry Birds because the swine flu epidemic was in the news during the game's development.","negative","Fri Jul 26 13:45:56 +0000 2013"
"-2785215932567076564","PHRCLeeds","It's World Hepatitis Day 2013 on 28 July - for a brief, list of PHRC resources and useful websites see http://t.co/MB3MEN3ise","negative","Fri Jul 26 13:45:57 +0000 2013"
"5386833104141940333","hpas_salud","RT @Salud_Ec: @Salud_Ec ¿Cómo me protejo de la #influenza #AH1N1? Aquí una guía completa: http://t.co/8hINfySCOm  #Ecuador Favor RT","negative","Fri Jul 26 13:45:59 +0000 2013"
"954352956345536010","MaraFernanda41","RT @Salud_Ec: @Salud_Ec ¿Cómo me protejo de la #influenza #AH1N1? Aquí una guía completa: http://t.co/8hINfySCOm  #Ecuador Favor RT","negative","Fri Jul 26 13:46:03 +0000 2013"
"3066039712705292589","ArakliAkGenclik","RT @AKGenclikGM: ""Cenab-ı Peygamber fitneye karşı kardeşliği esas almayı vurgular"" Kardeşliğimiz sarsılamaz @Y_Akdogan yazısı http://t.co/x…","negative","Fri Jul 26 13:46:04 +0000 2013"
"-59166936456697477","KDAL610","First West Nile Virus Case Of 2013 In Minnesota http://t.co/TMnyA2FBKX","negative","Fri Jul 26 13:46:05 +0000 2013"
"5783624154998085480","_tooCareless","Feels like I have the flu or something 😷😷","negative","Fri Jul 26 13:46:09 +0000 2013"
"7748626411117030318","AlawdyAli","In Winter time i get  'cold,flu,cough .. in the summer time I get sneezing,allergies red eyes... I think I should die :-/","negative","Fri Jul 26 13:46:16 +0000 2013"
"7336885099657370502","ForensicPsyMD","H7N9 Influenza Viruses Are Transmissible in Ferrets by Respiratory Droplet
 http://t.co/0oCDLpk4SR","negative","Fri Jul 26 13:46:17 +0000 2013"
"3770374396192113456","npipol","@pinay_chismosa @PinaysInShowbiz @iamtruepinay,ang tstsismosa natin ha3.mamaya may sumugod na sa atin.mga lamok ma dengue kyo,dto wa dengue","negative","Fri Jul 26 13:46:17 +0000 2013"
"2341284211468783153","Fulani_Finest","You you have started again ""@ObibaKojo: She sells tubers of yam so we'll call her tuberculosis.""","negative","Fri Jul 26 13:46:18 +0000 2013"
"-44903951556347806","FitriSentika","Geje eh ""@yusuftokex: Mong nawn""@FitriSentika: Pangnyusutkeun ""@yusuftokex: Susut eta umbell""@FitriSentika: Flu nya nyiksa :&amp; (˘̩̩̩n˘̩ƪ)","negative","Fri Jul 26 13:46:18 +0000 2013"
"-7977259164780885675","CrescenciaMUA","""@FactHive: Green pigs are the enemies in Angry Birds because the swine flu epidemic was in the news during the game's development."" Smart","negative","Fri Jul 26 13:46:20 +0000 2013"
"-35512348868667924","DevonTexas","@NMAtweets Thank you so much for the follow and I'm following you back. Thanks  for your work in meningitis!","negative","Fri Jul 26 13:46:23 +0000 2013"
"6064225227394469869","colyntruter","really need to go for a run and clear the mind,but hav flu...damn!!!!really hope the cricket and rugby will help","negative","Fri Jul 26 13:46:23 +0000 2013"
"4514071905063893106","AkposWarriboy","RT @OkeyBakassi_: OYINBO DISEASES ▬▶  Gonorrhea, Tuberculosis, Typhoid. NAIJA DISEASES must get two names ▬▶   Lapa-Lapa, Craw-Craw, Jedi-j…","negative","Fri Jul 26 13:46:24 +0000 2013"
"2877924656855341223","MJarBinks","@Zedaducci SARS is sage right here. Restrictions breed creativity, but are most effective by your own definition.","negative","Fri Jul 26 13:46:26 +0000 2013"
"7317691650443525895","ObibaKojo","Looool &gt; RT""@StitchesGh: ""@ObibaKojo: She sells tubers of yam so we'll call her tuberculosis."" http://t.co/NzMzN2FWKI""","negative","Fri Jul 26 13:46:27 +0000 2013"
"489874405883264931","ya_sg","RT @AngelineQuinto: Happy happy birthday Sars @JustSarahG :) imissyou &amp; iloveyou. Stay happy.
God bless you♥♥","negative","Fri Jul 26 13:46:28 +0000 2013"
"4072224086200771846","RadioPeriquito","MiniMalisMos d-_-b
Super Flu Live watergate club ""official"" 2013 http://t.co/Te0vuqkcRH","negative","Fri Jul 26 13:46:35 +0000 2013"
"4748342527934612424","MARACAYACTIVA","vía @dcmr35: Me comi la s, quise decir tuberculosis!","negative","Fri Jul 26 13:46:40 +0000 2013"
"215302853094378160","Tmokhema","Having Flu in summer is the worst thing ever","negative","Fri Jul 26 13:46:42 +0000 2013"
"2455535307046193488","jannaisw","RT @FactHive: Green pigs are the enemies in Angry Birds because the swine flu epidemic was in the news during the game's development.","negative","Fri Jul 26 13:46:43 +0000 2013"
"-5893378197529321912","Shanii_Mc","@TrenaBoxx feel sick need fi go pharmacy... It naay go wuk out if mi ketch flu at all","negative","Fri Jul 26 13:46:44 +0000 2013"
"-3486455031606359623","as_salafee","RT @FactHive: Green pigs are the enemies in Angry Birds because the swine flu epidemic was in the news during the game's development.","negative","Fri Jul 26 13:46:49 +0000 2013"
"8112921838168938084","mfgraham17","@KKell2507 you have the flu! Anita was right!","negative","Fri Jul 26 13:46:54 +0000 2013"
"5126067773551397176","scotgovhealth","Flu vaccination programme for children phased in from this year - all children to be vaccinated by 2015 @alexneilSNP http://t.co/YlbPc6Gspz","negative","Fri Jul 26 13:47:02 +0000 2013"
"1426438286110448509","iceweightloss","Recently Emerged MERS Virus Less Infectious Than SARS: Study http://t.co/NIOFIBrstF","negative","Fri Jul 26 13:47:04 +0000 2013"
"358715669708028412","News1800","#health New virus ‘not following Sars ’ path ’ – BBC News  #news http://t.co/EaZRfQk0AP","negative","Fri Jul 26 13:47:05 +0000 2013"
"-3343871701710471810","Glebe2037","@franksting same thing as before … flu ??","negative","Fri Jul 26 13:47:05 +0000 2013"
"-3849473544693336899","Salud_Ec","@Salud_Ec ¿Cómo me protejo de la #influenza #AH1N1? Aquí una guía completa:http://t.co/8hINfySCOm #Ecuador Favor RT http://t.co/eEM4IVh1WH","negative","Fri Jul 26 13:47:07 +0000 2013"
"-7530206175470013642","Chena_Chenn","* huss :'( ""@sherenstefanii: captikus ini jago :D sapa tau ilang tu flu krna panasss""","negative","Fri Jul 26 13:47:07 +0000 2013"
"-7278040335535028320","Chena_Chenn","RT @sherenstefanii: captikus ini jago :D sapa tau ilang tu flu krna panasss","negative","Fri Jul 26 13:47:09 +0000 2013"
"-6050470255423549359","sahainstitute","RT @alanna_shaikh: A good explanation of SARS vs MERS http://t.co/qJhtp2DCNR","negative","Fri Jul 26 13:47:12 +0000 2013"
"6778694958982725658","bbchase","RT @fozmeadows: Dear anti-vaccination movement: thank you SO MUCH for restoring measles to the world! It's JUST WONDERFUL. http://t.co/Ppme…","negative","Fri Jul 26 13:47:12 +0000 2013"
"-8847686068165797408","iSueeeee","Got flu &amp;&amp; I hate it.","negative","Fri Jul 26 13:47:22 +0000 2013"
"-2389518610758403662","ellysha2512","@matunnaemah awww..kesian you,flu kah?","negative","Fri Jul 26 13:47:27 +0000 2013"
"-116345602048543236","anggunmauliddar","Batuk flu menyerang :&amp; (at Jl . Mabar) — https://t.co/19MvDqDUri","negative","Fri Jul 26 13:47:29 +0000 2013"
"-4822025994542415381","IAm_TheUnicorn","@GaDatJ_Shock the flu :(","negative","Fri Jul 26 13:47:31 +0000 2013"
"-3439417627446317476","dan31690","@t1_m1 RT @FactHive: Green pigs are the enemies in Angry Birds because the swine flu epidemic was in the news during the game's development.","negative","Fri Jul 26 13:47:32 +0000 2013"
"-3969717394032035046","NAdegwe","Check out this poem - ""The Virulent Vermin (A Historical Poem on the Influenza of 1918 and1919)***"" by Nick... http://t.co/f9XotzROzx","negative","Fri Jul 26 13:47:33 +0000 2013"
"84452453562642643","pinorosaec","RT @Salud_Ec: @Salud_Ec ¿Cómo me protejo de la #influenza #AH1N1? Aquí una guía completa:http://t.co/8hINfySCOm #Ecuador Favor RT http://t.…","negative","Fri Jul 26 13:47:44 +0000 2013"
"-6395263834299898257","Pooky_the_Pook","RT @FactHive: Green pigs are the enemies in Angry Birds because the swine flu epidemic was in the news during the game's development.","negative","Fri Jul 26 13:47:51 +0000 2013"
"2213662410441981636","ntheirmaa","aduh klo itu nde ga bisa bantu teh :D RT @Nay_Nisrina: iya de bner, kurg Vit.C ky'y Vit Cinta hehe RT @ntheirmaa: wahh mau flu tuh teh,","negative","Fri Jul 26 13:47:54 +0000 2013"
"2082333931063800323","fulfulnizam","This flu is fucking irritating!!","negative","Fri Jul 26 13:48:03 +0000 2013"
"-6507915040834549441","Olivervanloo","Simply brillliant: http://t.co/lTK20Vuwqx, $30M donation to eradicate measles and rubella, matched to $ 60M by the Gates Foundation","negative","Fri Jul 26 13:48:04 +0000 2013"
"7427481756378390381","SPNUKFANS","wish I didn't have the flu I wanna get fucked up","negative","Fri Jul 26 13:48:09 +0000 2013"
"-7796897788007067754","dfhanmy96","Flu hiks T.,T","negative","Fri Jul 26 13:48:15 +0000 2013"
"5975918482730765008","Dday110","Flu hiks T.,T","negative","Fri Jul 26 13:48:16 +0000 2013"
"-3312696229708685617","cheesekabunda","LECHENG DENGUE TO OH HAYUP","negative","Fri Jul 26 13:48:18 +0000 2013"
"-8023521396292056515","Munismp","La #influenza podemos prevenirla A TOMAR PRECAUCIONES http://t.co/tDnWeV2aVG","negative","Fri Jul 26 13:48:22 +0000 2013"
"-3666651575747512100","DogancanAkdogan","RT @AKGenclikGM: ""Cenab-ı Peygamber fitneye karşı kardeşliği esas almayı vurgular"" Kardeşliğimiz sarsılamaz @Y_Akdogan yazısı http://t.co/x…","negative","Fri Jul 26 13:48:27 +0000 2013"
"869334012289315585","Edgy_Mark","RT @FactHive: Green pigs are the enemies in Angry Birds because the swine flu epidemic was in the news during the game's development.","negative","Fri Jul 26 13:48:36 +0000 2013"
"-1152239887332977947","satriyo_f","skg musim flu babi, bsk gant flu ap lg ya? RT @SINDOnews: Jumlh korban flu babi di Argentina menjadi 43 jiwa http://t.co/L9KrEqwBAS","negative","Fri Jul 26 13:48:42 +0000 2013"
"-5382957184302078490","mcteezy","“@ObibaKojo: She sells tubers of yam so we'll call her tuberculosis.”smdh","negative","Fri Jul 26 13:48:51 +0000 2013"
"5736748684221513089","Euroscicon","Dr Bahram Isfahani will present at 'Mycobacterium Tuberculosis Infection Detection' https://t.co/uqbF2Z5MUL #mycobacteriumtuberculosis #TB","negative","Fri Jul 26 13:48:54 +0000 2013"
"-79287053361994141","BiotechCatholic","Avian H7N9 influenza virus can be readily transmitted by contact and less so when airborne but the intrinsic... http://t.co/KJ1vin3evg","negative","Fri Jul 26 13:48:55 +0000 2013"
"-8691916107739309966","sexyBora_Rp","Gue lagi flu syng.. kentut gue wangiRT @realstephani_: sakit ape lu? weeeh jangan kentut nape (cont) http://t.co/DJvyowvq3V","negative","Fri Jul 26 13:48:59 +0000 2013"
"4918589335129315194","ayishacupcakesx","@rbhu7_82 ohh:( am doing ok got horribleee flu!!!! Hate this weather","negative","Fri Jul 26 13:49:16 +0000 2013"
"-2056354677881840858","JoeNBC","RT @donhinkle: @JoeNBC My granddad from Apalachicola's remedy:  put your hat on the bedpost and drink until you see two hats.  Wake up flu …","negative","Fri Jul 26 13:49:16 +0000 2013"
"-7663687068388382124","dariannnikoleee","Omg I remember I had the flu last year for a week, DEATH","negative","Fri Jul 26 13:49:16 +0000 2013"
"-1713753859705565809","YOSEPHSWD","RT @Salud_Ec: @Salud_Ec ¿Cómo me protejo de la #influenza #AH1N1? Aquí una guía completa:http://t.co/8hINfySCOm #Ecuador Favor RT http://t.…","negative","Fri Jul 26 13:49:25 +0000 2013"
"-2917117098712952742","RAY_PRIBADI_","ya adek mana tau kak :D RT @Risivasa: Eh kk juga flu pilek. Emng lagi musim berarti ya dk?""@RAY_PRIBADI_: gak di FB, gak di twitte","negative","Fri Jul 26 13:49:34 +0000 2013"
"-8193341122761863949","AZach994","Seriously who gets the flu in July... #NotCool","negative","Fri Jul 26 13:49:34 +0000 2013"
"-6998992822823321644","INDIA_2day","10 persons diagnosed with dengue symptoms in Barsathua village http://t.co/XUA47ynzcF","negative","Fri Jul 26 13:49:35 +0000 2013"
"949809077579242788","Edgy_Mark","“@FactHive: Green pigs are the enemies in Angry Birds because the swine flu epidemic was in the news during the games development.” Um, Was?","negative","Fri Jul 26 13:49:36 +0000 2013"
"-5753815135372289901","Hakeenah","@mwnyambura @Kymcee @butunyi @MeshaKenya @sandra_chao this is a concern  http://t.co/mndBB0okEe please share widely @jmkawasi @MartMattwaKim","negative","Fri Jul 26 13:49:37 +0000 2013"
"3194206995587455818","Davidvidu","MERS virus may sicken patients faster than SARS but isn't yet international health emergency: ... http://t.co/xGhV6hqcMJ #news #outbreak","negative","Fri Jul 26 13:49:41 +0000 2013"
"796986752116769136","HoseaStyles","Nose just running in front of clients. This flu is messes up","negative","Fri Jul 26 13:49:46 +0000 2013"
"8500237400434695948","ObibaKojo","(*_*) &gt; RT""@Fulani_Finest: You you have started again ""@ObibaKojo: She sells tubers of yam so we'll call her tuberculosis.""""","negative","Fri Jul 26 13:49:47 +0000 2013"
"9070492728313933431","IzuansaMusa","RT @FactHive: Green pigs are the enemies in Angry Birds because the swine flu epidemic was in the news during the game's development.","negative","Fri Jul 26 13:49:55 +0000 2013"
"-4396764572881376380","iAmandaTaylor","Imma cold bitch, sicker than that flu shit.","negative","Fri Jul 26 13:50:01 +0000 2013"
"-5846885373376005010","suLatnimae","RT @gabvalenciano: Happy Birthday, @JustSarahG! May you continue to inspire others. Be blessed, Sars. Miss u! #teamsglive #popster http://t…","negative","Fri Jul 26 13:50:02 +0000 2013"
"-5742489828525357999","HoracioCadena03","Mosquitoes -- not birds -- may have carried West Nile virus across U.S.: http://t.co/q8UG8LtdVu","negative","Fri Jul 26 13:50:02 +0000 2013"
"-2721309367288306842","mckennafarole","Who would get the flu in July? Me of course.","negative","Fri Jul 26 13:50:03 +0000 2013"
"-574909790886767171","askmerob","@Izandra Pretty sure it's a flu/sinus infection heading to Walgreens in a moment... Nurse cat is being a dear.","negative","Fri Jul 26 13:50:04 +0000 2013"
"4071468317713919423","julieverhaar","Polio vaccines: Injecting competition | The Economist http://t.co/qXwz6lqedW","negative","Fri Jul 26 13:50:07 +0000 2013"
"-7407620017140031441","ras_jungle","Am so influenza-d 2 the extent tht i wud vomit ga nka utlwa monko wa %...flu is a bitch","negative","Fri Jul 26 13:50:08 +0000 2013"
"3775720877598334060","marissa_sandy","RT @HijabAlila: Kalau lg flu, makan apa juga ga ada rasanya, kecuali makan hati. Berasa banget. Rasanya sakit :D #eh","negative","Fri Jul 26 13:50:17 +0000 2013"
"-3094600941464433513","Kad_In_The_Hat","RT @FactHive: Green pigs are the enemies in Angry Birds because the swine flu epidemic was in the news during the game's development.","negative","Fri Jul 26 13:50:36 +0000 2013"
"7246484396900511460","lassidycee","After 5 days of flu, the fever came. 😭","negative","Fri Jul 26 13:50:41 +0000 2013"
"2273215531074769484","CNTAMAULIPAS","Panteones libres de dengue | #cdvictoria #reynosa #tampico #tamaulipas | http://t.co/5062viQHra","negative","Fri Jul 26 13:50:42 +0000 2013"
"-7336809153738417257","juquivi1","Perú unido contra la influenza - VIDEO OFICIAL: http://t.co/VDYZBg00fO vía @youtube","negative","Fri Jul 26 13:50:42 +0000 2013"
"5685356711914945221","MyPerog","RT @LifeOfALupie: Aww you poor thing, you have the flu?   I have the flu everyday of my life.","negative","Fri Jul 26 13:50:47 +0000 2013"
"5927227678455161738","Retuiteado_ec","RT @Salud_Ec: @Salud_Ec ¿Cómo me protejo de la #influenza #AH1N1? Aquí una guía completa:http://t.co/8hINfySCOm #Ecuador Favor RT http://t.…","negative","Fri Jul 26 13:50:50 +0000 2013"
"-1507792541785115848","jakej2058","RT @Rharvley: @lt_ale I have the flu hon. Dannie feels bad for me","negative","Fri Jul 26 13:50:57 +0000 2013"
"5254845048223568724","jakej2058","RT @Rharvley: Who gets the flu n July!?","negative","Fri Jul 26 13:51:04 +0000 2013"
"6972689175296501926","ihasgaydreams","RT @FactHive: Green pigs are the enemies in Angry Birds because the swine flu epidemic was in the news during the game's development.","negative","Fri Jul 26 13:51:07 +0000 2013"
"-6978048413944148445","BoonBillions","Polio Not Gonna Win That Argument Lol","negative","Fri Jul 26 13:51:09 +0000 2013"
"-4801206768025120379","ras_jungle","Ths mst b the mother of al Flu-s #unusual","negative","Fri Jul 26 13:51:16 +0000 2013"
"-3838788902799176202","easy_daze09","RT @FactHive: Green pigs are the enemies in Angry Birds because the swine flu epidemic was in the news during the game's development.","negative","Fri Jul 26 13:51:20 +0000 2013"
"-8283117932489273275","assirac20","I really wanna go to the beach...get rid of this cold, left after this flu","negative","Fri Jul 26 13:51:22 +0000 2013"
"-646585194220856535","Refinaaptr","You're welcome;)RT @HamadaAulia: Thanks ref;*""@Refinaaptr: Gwrs hamada;* RT @HamadaAulia: Flu;&amp;""","negative","Fri Jul 26 13:51:23 +0000 2013"
"-720851738015558473","TonyTGoodman","RT @emilybberman: i'm guest hosting @wamumetro today! talking about #NoMa with @TonyTGoodman, the flu with @NIAIDNews + lots more","negative","Fri Jul 26 13:51:26 +0000 2013"
"-8593358471759846482","MyPerog","RT “@LifeOfALupie: Aww you poor thing, you have the flu?   I have the flu everyday of my life.”","negative","Fri Jul 26 13:51:28 +0000 2013"
"3469295267763042535","Miss_afunni","RT @OkeyBakassi_: OYINBO DISEASES ▬▶  Gonorrhea, Tuberculosis, Typhoid. NAIJA DISEASES must get two names ▬▶   Lapa-Lapa, Craw-Craw, Jedi-j…","negative","Fri Jul 26 13:51:30 +0000 2013"
"-1734930963909835317","yokeyann","Flu again zz","negative","Fri Jul 26 13:51:33 +0000 2013"
"4231343349638744978","ObibaKojo","""@mcteezy: “@ObibaKojo: She sells tubers of yam so we'll call her tuberculosis.”smdh""","negative","Fri Jul 26 13:51:35 +0000 2013"
"7334794419567613517","Immashookwei","flu is coming to visit me !","negative","Fri Jul 26 13:51:40 +0000 2013"
"7554394901627145095","kebynv","@gundam_08 first day palang naman. auko lang maulit dengue sa laki ng bill","negative","Fri Jul 26 13:51:44 +0000 2013"
"7669770764258001487","Viralhep2013","RT @HepatitisCTrust: Come along to Scotstoun Leisure Centre in #Glasgow for a family fun day to raise awareness for #hepatitis C. @Waverley…","negative","Fri Jul 26 13:51:45 +0000 2013"
"-4927745897226473991","AdeebHassan","@beenasarwar @imam1 @razabash @khalid_farooq @HamidMirGEO polio cure is necessary, running a channel is not essential.","negative","Fri Jul 26 13:51:50 +0000 2013"
"-2679196740255697955","LeNautilus","Virologie - Le coronavirus MERS moins infectieux, mais plus dangereux que le SRAS http://t.co/LC0bd3Sj25 #Science &amp; #Santé","negative","Fri Jul 26 13:51:50 +0000 2013"
"-6002187348830895521","Rorimilano","I need some tea ,either a flu or allergy, symptons quite the same for ,me","negative","Fri Jul 26 13:51:52 +0000 2013"
"-8520970931165870072","KeeKee_Kea","Omw Flu is killing me on a friday dou☹","negative","Fri Jul 26 13:51:58 +0000 2013"
"3609546018594544187","icejustyn","RT @OkeyBakassi_: OYINBO DISEASES ▬▶  Gonorrhea, Tuberculosis, Typhoid. NAIJA DISEASES must get two names ▬▶   Lapa-Lapa, Craw-Craw, Jedi-j…","negative","Fri Jul 26 13:52:04 +0000 2013"
"-136296407753331789","eHealthyDaily","Recently Emerged MERS Virus Less Infectious Than SARS: Study FRIDAY, July 26 (HealthDay News) — Important diffe... http://t.co/gWRVq3I8ol","negative","Fri Jul 26 13:52:08 +0000 2013"
"-8925443604516558097","Traci_D_","They had to force me take flu shot @ work !","negative","Fri Jul 26 13:52:09 +0000 2013"
"8157586535056739772","emo_yap","I think i had flu ·_·… keep on sneezing ...","negative","Fri Jul 26 13:52:11 +0000 2013"
"1497234481722859734","jackkjanette","I got the stomach flu 😢😷","negative","Fri Jul 26 13:52:13 +0000 2013"
"2914854934571669493","orxpjy","sakit flu cape banget ya:{D","negative","Fri Jul 26 13:52:15 +0000 2013"
"-6391597525878038725","daminDOTkiesel","""@FactHive: Green pigs are the enemies in Angry Birds because the swine flu epidemic was in the news during the game's development.""Um, was?","negative","Fri Jul 26 13:52:16 +0000 2013"
"-6180967460340652164","KaSoTuCa","RT @GamaNoticias: Virus de Influenza #AH1N1 registra 91 casos y 6 fallecimientos en Ecuador, infora Ministerio de Salud Pública http://t.co…","negative","Fri Jul 26 13:52:16 +0000 2013"
"-8589563768092180480","makoto_au_japon","RT @WHO: What causes hepatitis A &amp; E, how to protect yourself from infection? Infographic, please share http://t.co/7oQt6lQtky http://t.co/…","negative","Fri Jul 26 13:52:25 +0000 2013"
"3369243992479288241","R_sergiio","RT @FactHive: Green pigs are the enemies in Angry Birds because the swine flu epidemic was in the news during the game's development.","negative","Fri Jul 26 13:52:29 +0000 2013"
"6502488799496940564","alyasyakirahhh","""@VotosLocos97: Cibai Flu Ngan Sore Throat Tok -.-"" i feel you","negative","Fri Jul 26 13:52:33 +0000 2013"
"-528412542264993967","zhiyeeeeee","RT @FactHive: Green pigs are the enemies in Angry Birds because the swine flu epidemic was in the news during the game's development.","negative","Fri Jul 26 13:52:38 +0000 2013"
"-4788302728535997288","Hikmaaat_","aircond , Off :( Having flu","negative","Fri Jul 26 13:52:39 +0000 2013"
"-4117405611386491609","TheCallumWells","I'm literally dying of man-flu yet I still have to walk to the shops to get my mums euromillions? What is this!","negative","Fri Jul 26 13:52:41 +0000 2013"
"8644181344305869799","meredithclark","RT @donhinkle: @JoeNBC My granddad from Apalachicola's remedy:  put your hat on the bedpost and drink until you see two hats.  Wake up flu …","negative","Fri Jul 26 13:52:45 +0000 2013"
"2998180043313830145","ItzGaborne","RT @OkeyBakassi_: OYINBO DISEASES ▬▶  Gonorrhea, Tuberculosis, Typhoid. NAIJA DISEASES must get two names ▬▶   Lapa-Lapa, Craw-Craw, Jedi-j…","negative","Fri Jul 26 13:52:49 +0000 2013"
"-6903774043220928008","Krenship","RT @Salud_Ec: @Salud_Ec ¿Cómo me protejo de la #influenza #AH1N1? Aquí una guía completa:http://t.co/8hINfySCOm #Ecuador Favor RT http://t.…","negative","Fri Jul 26 13:52:50 +0000 2013"
"6409771258957746227","OliTrenham","Hate those stupid misandrist women who don't think man flu exists","negative","Fri Jul 26 13:52:51 +0000 2013"
"-9095602797209751036","QUEENBlizzy","Bought mommy some flu medication....don't like seeing my queen like this..♥","negative","Fri Jul 26 13:52:52 +0000 2013"
"5718473965855661359","mefmeh","http://t.co/evTSELyFJT | PBS and flu.","negative","Fri Jul 26 13:52:53 +0000 2013"
"1412638070122698003","tenraku0609","インフルエンザにも種類があることをご存知でしょうか。
インフルエンザにはタイプがあり、その中でもA型やB型は
とても感染力が強いことで知られています。

http://t.co/0sxs9rRj4i","negative","Fri Jul 26 13:53:00 +0000 2013"
"-6641325382966133320","zia_pan","Kalo Flu pasti nanya obatnya sama si @ucyregina soplak ini... :'( . Kdng emosi pas lg butuh ga nampak.. -__- apa nya taheng nama obtnya ???","negative","Fri Jul 26 13:53:01 +0000 2013"
"-3871651156918553367","helloimkd","Got the flu ;(","negative","Fri Jul 26 13:53:05 +0000 2013"
"-2709843751900545751","deeBernadett","@ulin_wulandari di lia syg.. tes bukan les.. hihhiihii.. ndapapaaa ayangkuuu.. km abs kerokan to ? duhhh, flu ?","negative","Fri Jul 26 13:53:05 +0000 2013"