"1539367776","TwoMee_Mad","No flu formed against me shall prosper! As I continue studying...","negative","Sun Aug 18 18:16:49 +0000 2013"
"-1719685177","jerricapaula","Hay.... Akala ko mga kati-kati lang yng nasa balat ko,DENGUE na pala,mabuti na lang at pinilit ako ng nanay ko... http://t.co/eBllXtA47T","negative","Sun Aug 18 18:18:21 +0000 2013"
"1262079134","Muazzikri","Class is at 8. Had a couple of influenza pills with a cup of coffee. #nowwatching Community. Livin' on the edge.","negative","Sun Aug 18 18:18:57 +0000 2013"
"-658104268","RyanMay_","RT @UNICEF: We must protect children's protectors and stand up against attacks to #endpolio in #Pakistan, says @etribune http://t.co/7k5PyT…","negative","Sun Aug 18 18:23:27 +0000 2013"
"1354179933","EarthGerm","EG Flu Tracking News Hackers use virus to create fake 'likes' and followers on social media sites - RT (blog) http://t.co/cGT31bam0f","negative","Sun Aug 18 18:27:14 +0000 2013"
"1156113683","shoperland","Bird Flu Emergency Zone Extended in Nepal http://t.co/FLuofbLwwa","negative","Sun Aug 18 18:27:28 +0000 2013"
"-1861849078","BlipStarClothes","RT @40FigureThought: @AkaCourage migos is the wave .. But this Flu 4 🔥🔥🔥","negative","Sun Aug 18 18:27:30 +0000 2013"
"454306042","toeicover900","【flat on one's back】/病気で寝たっきりの【You were flat on your back for two weeks with influenza.】/あなたはインフルエンザで二週間も寝ていたんですもの。","negative","Sun Aug 18 18:47:22 +0000 2013"
"1194264371","bitchnotasnitch","RT @Kira_EV_: @bitchnotasnitch's book has measles...trololololol!","negative","Sun Aug 18 18:49:06 +0000 2013"
"1534699486","icexgz","Down with flu but still mm sek sei made the fourth cup of coffee for the day. I hope it magically become creme brulee.","negative","Sun Aug 18 18:49:57 +0000 2013"
"157987252","portalslp2","Hepatitis tipo A
http://t.co/xfElcSLpvS http://t.co/rIPTcN8DUF","negative","Sun Aug 18 18:50:11 +0000 2013"
"-1892628747","AHMEDZeeshanatb","Drug resistant tuberculosis on the rise
http://t.co/B7qE7hGvpR","negative","Sun Aug 18 18:50:12 +0000 2013"
"-1797345490","jasonbrown___","I haven't seen 1 Slime Flu 4 tweet.","negative","Sun Aug 18 18:52:35 +0000 2013"
"-1507527831","FluPonCoupon","Save 30% on Flu vaccines at Target","negative","Sun Aug 18 18:54:51 +0000 2013"
"347479369","prapancem","Satılmış yavşak digitürk daha çok ses kısarsın","negative","Sun Aug 18 18:56:18 +0000 2013"
"626563737","Don_Scott","#topstories Comment on Israel launches nationwide polio booster campaign (Denver Post): Share With Friends:  |... http://t.co/8cGa4au0w2","negative","Sun Aug 18 18:57:56 +0000 2013"
"1353469413","Pennsyl_News_","Legionella bacteria causes Liberty Mutual Insurance Co. to temporarily close office http://t.co/1yy4lGOzTK","negative","Sun Aug 18 18:59:08 +0000 2013"
"1486589244","HistFutMelhor","Ranking ST hoje 16h

1. CRU 57
2. PAL 38
3. SPT 35
4. FLA 34
5. FLU 16
6. SPO 1

Mais info: http://t.co/6RwEjNre5U","negative","Sun Aug 18 19:00:04 +0000 2013"
"-286710532","Layken_Odabo","5. What is ""flu"" short for?
 #RandomQuestions","negative","Sun Aug 18 19:00:25 +0000 2013"
"-1658631445","Honor_In_Bills","Thats Six Flags 🏁🏁🏁🏁🏁🏁 that Great A. 

- Vado: Slime Flu 4","negative","Sun Aug 18 19:00:57 +0000 2013"
"625725036","CodedPancaro","Fluenzia ""@Layken_Odabo: 5. What is ""flu"" short for? #RandomQuestions""","negative","Sun Aug 18 19:02:07 +0000 2013"
"1379539559","syanazverron","Tidur la woiii! ""@ZulfitriM: flu fever flu fever flu fever""","negative","Sun Aug 18 19:02:31 +0000 2013"
"1798183244","ziam_aka_life","@Ashton5SOS LA FLU WINK WINK","negative","Sun Aug 18 19:02:55 +0000 2013"
"1428507936","AromayeO","Bird flu ""@Layken_Odabo: 5. What is ""flu"" short for? #RandomQuestions""","negative","Sun Aug 18 19:03:46 +0000 2013"
"1349345867","I_am_Mystique","BirdFlu RT @Layken_Odabo: 5. What is ""flu"" short for?
 #RandomQuestions","negative","Sun Aug 18 19:04:47 +0000 2013"
"473525534","Layken_Odabo","Ode RT @AromayeO: Bird flu ""@Layken_Odabo: 5. What is ""flu"" short for? #RandomQuestions""","negative","Sun Aug 18 19:05:00 +0000 2013"
"-1966241388","MTSLNews","@MTSLNews FDA Approves First Quadrivalent Flu Vaccine by GSK, supporting NVAX's + Phase II quadrivalent data/approach http://t.co/55ttVNJWdv","negative","Sun Aug 18 21:37:03 +0000 2013"
"-23019955","JOL_NEWS","Watch Israel's Main Newscast - http://t.co/LfPIis5Zrm
The countrywide #Polio vaccination campaign is underway.... http://t.co/orjWFa7r4l","negative","Sun Aug 18 21:37:54 +0000 2013"
"-1977014272","BritDunlop","I'm still sick.... along with everyone else in NY. #flu","negative","Sun Aug 18 21:38:05 +0000 2013"
"1649731129","Jeydon_ILY","RT @Kelli5SOS: This tweet gave me the flu http://t.co/jEelaRlTCy","negative","Sun Aug 18 21:38:57 +0000 2013"
"-897262590","MTSLNews","@MTSLNews FDA Approves First Quadrivalent Flu Vaccine by GSK, supports $NVAX's + Phase II quadrivalent data/approach http://t.co/55ttVNJWdv","negative","Sun Aug 18 21:39:01 +0000 2013"
"-1502122361","jankarsli","@kevinballano No, hindi naman bio-flu tinake ko. Isa for ubo and isa for sipon. Alright. You too. :)","negative","Sun Aug 18 21:39:12 +0000 2013"
"-1729153713","DoctorKnowhow1","NewsLine -Hepatitis A: Modes of transmission - http://t.co/Maiq1BsEzO","negative","Sun Aug 18 21:39:25 +0000 2013"
"-39541690","paperstarxo","RT @UNICEF: We must protect children's protectors and stand up against attacks to #endpolio in #Pakistan, says @etribune http://t.co/7k5PyT…","negative","Sun Aug 18 21:43:49 +0000 2013"
"-1128949397","Christoph_King","RTT: FDA Okays Glaxo's Second Four-strain Seasonal Influenza Vaccine For Use In U.S.: British drug giant Glaxo... http://t.co/ClKpeAwrYX","negative","Sun Aug 18 21:43:56 +0000 2013"
"1534679807","SuiizO","La Flu sabe jajaja","negative","Sun Aug 18 21:44:26 +0000 2013"
"-2135039169","todimugivhi","Turns out flu does not care what your dead lift score is. #benched #sick","negative","Mon Aug 19 12:08:43 +0000 2013"
"720480550","briarroseblog","Tips for warding off the flu all graciously received!","negative","Mon Aug 19 12:11:44 +0000 2013"
"-668797471","LiSReD_jp","Researchers study dynamics of workers at poultry farms and markets to track bird flu http://t.co/Pf12idVPfw See All http://t.co/XWrvOyEVd0","negative","Mon Aug 19 12:13:11 +0000 2013"
"404396023","AmeshAA","Legionella bacteria causes @libertymutual to close office http://t.co/vo4PO8uMDB","negative","Mon Aug 19 12:14:05 +0000 2013"
"-103040103","ppp_bbz","RT @AseefaBZ: On World Humanitarian Day I would like to especially pay tribute to the bravery of our selfless #polio workers #communityhero…","negative","Mon Aug 19 12:15:24 +0000 2013"
"685190567","Jannyish","Guys there's a wave of weird cases of influenza that isn't really influenza but smth similar close to where I live.","negative","Mon Aug 19 12:15:52 +0000 2013"
"586948566","ArenaIntPharma","FDA backs second GSK flu vaccine: The US Food and Drug Administration (FDA) has approve... http://t.co/EZB0R1xmXp http://t.co/KhG3aIhviK","negative","Mon Aug 19 12:16:32 +0000 2013"
"-1241261796","SabadoChristina","@JanellePierzina NO to flu vaccines.  Never had it, never will, never had the flu.  Those who get it get sick. #health","negative","Mon Aug 19 19:57:44 +0000 2013"
"2027541387","cordwellicious","example: I had the flu for two weeks last winter before my mom finally forced me to go to the doctors","negative","Mon Aug 19 19:57:45 +0000 2013"
"893499506","ShadyWestCoast","Side effects may include but are not limited to Herpes, Aids, Conjunctivitis, Swine Flu, and Hepatitis Q https://t.co/PEJX1mIHe8","negative","Mon Aug 19 19:58:02 +0000 2013"
"363130632","JACKLIFE1","Daily -Swine flu (H1N1): High risk groups - http://t.co/zq3Lboe4FN","negative","Mon Aug 19 19:58:08 +0000 2013"
"62578005","freelancehealth","NW alert -The pros and cons of the flu vaccine - http://t.co/dpjVanxhRj","negative","Mon Aug 19 19:58:23 +0000 2013"
"-1983873878","_ibt","Huge efforts being made to eradicate #polio in #Nigeria but it's so prevalent. Shocking to see so many victims. Superb @Channel4 documentary","negative","Mon Aug 19 19:58:29 +0000 2013"
"-977831876","askwhypoverty","RT @_ibt: Huge efforts being made to eradicate #polio in #Nigeria but it's so prevalent. Shocking to see so many victims. Superb @Channel4 …","negative","Mon Aug 19 19:58:41 +0000 2013"
"1719108721","SinCityFinancr","Watching Movie Trailers: Flu - Trailer 1 on @hulu: http://t.co/GSK7FYZ9tE","negative","Mon Aug 19 19:59:17 +0000 2013"
"-1568912847","CarlaEveMUA","An enlightening documentary on polio in Nigeria @AdeAdepitan... Wish it was longer! Felt there's so much more to be said.","negative","Mon Aug 19 19:59:38 +0000 2013"
"1633669345","walegates","RT @_ibt: Huge efforts being made to eradicate #polio in #Nigeria but it's so prevalent. Shocking to see so many victims. Superb @Channel4 …","negative","Mon Aug 19 20:00:04 +0000 2013"
"-1646824064","GarretAssociate","Underwriter - DE/VA SARS  - Denver, CO (GD857) http://t.co/GBKXO5K7AG #job","negative","Mon Aug 19 22:24:03 +0000 2013"
"-558105473","HayatDal","Biliyor musun 
Aşk şiiri yazmaktan bıktım 
Bir gün şöyle bir baktım 
Yazdığım bütün şiirler öyle 
Bir sarsılma,... http://t.co/AgdV0rsy47","negative","Mon Aug 19 22:26:07 +0000 2013"
"-2117309199","_ElishaKelly","I've got man flu in summer, what is life😰","negative","Mon Aug 19 22:27:48 +0000 2013"
"-302519445","Truththehardway","Vado Slime Flu 4, Pusha T and Montana killed this track http://t.co/GevMfadwn5","negative","Mon Aug 19 22:28:26 +0000 2013"
"-325074085","CourtneyG0318","@maddiwallacee I made the National FFA Choir and for the medical records you have to take a tuberculosis test it involves needles 😔","negative","Mon Aug 19 22:28:47 +0000 2013"
"1880136796","JohnnieBellamy_","RT @imdaChuckNorris: Chuck Norris once gave the Flu a virus.","negative","Mon Aug 19 22:31:11 +0000 2013"
"1905748018","redcarolina","RT @imdaChuckNorris: Chuck Norris once gave the Flu a virus.","negative","Mon Aug 19 22:31:56 +0000 2013"
"-823541843","ErkHaber","@bndesen Flaş... Flaş... Erzurum değil Türkiye sarsılacak... Büyükşehir dosyasını açıyoruz... http://t.co/rqt2rs1BjU","negative","Tue Aug 20 20:01:16 +0000 2013"
"-188098965","ErkHaber","@MuhyettinAksak Flaş... Flaş... Erzurum değil Türkiye sarsılacak... Büyükşehir dosyasını açıyoruz... http://t.co/rqt2rs1BjU","negative","Tue Aug 20 20:01:35 +0000 2013"
"-435902034","ErkHaber","@mertas25 Flaş... Flaş... Erzurum değil Türkiye sarsılacak... Büyükşehir dosyasını açıyoruz... http://t.co/rqt2rs1BjU","negative","Tue Aug 20 20:01:42 +0000 2013"
"-1109878760","ErkHaber","@mzekiaricioglu Flaş... Flaş... Erzurum değil Türkiye sarsılacak... Büyükşehir dosyasını açıyoruz... http://t.co/rqt2rs1BjU","negative","Tue Aug 20 20:01:49 +0000 2013"
"961314067","ErkHaber","@balkus Flaş... Flaş... Erzurum değil Türkiye sarsılacak... Büyükşehir dosyasını açıyoruz... http://t.co/rqt2rs1BjU","negative","Tue Aug 20 20:01:58 +0000 2013"
"-30109038","ErkHaber","Erzurum değil Türkiye sarsılacak... Büyükşehir dosyasını açıyoruz... http://t.co/Q86umG5nsG","negative","Tue Aug 20 20:02:03 +0000 2013"
"-659817275","Mak_Sim","http://t.co/twF0Jgu7w5 книга ремонт дт 75 http://t.co/vDDYry1eUa книгу самоучитель официанта","negative","Tue Aug 20 20:02:09 +0000 2013"
"-1167867951","ErkHaber","@zbengin Flaş... Flaş... Erzurum değil Türkiye sarsılacak... Büyükşehir dosyasını açıyoruz... http://t.co/rqt2rs1BjU","negative","Tue Aug 20 20:02:09 +0000 2013"
"-1983271569","Its_De_Rossi","@andylawn if i was a member of one direction I would have hepatitis by now","negative","Tue Aug 20 20:02:16 +0000 2013"
"-1215996486","ErkHaber","@zekai_kaya Flaş... Flaş... Erzurum değil Türkiye sarsılacak... Büyükşehir dosyasını açıyoruz... http://t.co/rqt2rs1BjU","negative","Tue Aug 20 20:02:18 +0000 2013"
"-976824356","_Thandiwe_","This flu will be the death of me :'( Maaaama!!!","negative","Tue Aug 20 20:02:29 +0000 2013"
"1571332491","ErkHaber","@jale_alcan Flaş... Flaş... Erzurum değil Türkiye sarsılacak... Büyükşehir dosyasını açıyoruz... http://t.co/rqt2rs1BjU","negative","Tue Aug 20 20:02:29 +0000 2013"
"1135818788","ErkHaber","@DrRecepAkdag Flaş... Flaş... Erzurum değil Türkiye sarsılacak... Büyükşehir dosyasını açıyoruz... http://t.co/rqt2rs1BjU","negative","Tue Aug 20 20:02:35 +0000 2013"
"583806599","ErkHaber","@AliKorkutyakuti Flaş... Flaş... Erzurum değil Türkiye sarsılacak... Büyükşehir dosyasını açıyoruz... http://t.co/rqt2rs1BjU","negative","Tue Aug 20 20:02:43 +0000 2013"
"-95621801","ErkHaber","@alitugrulbirdal Flaş... Flaş... Erzurum değil Türkiye sarsılacak... Büyükşehir dosyasını açıyoruz... http://t.co/rqt2rs1BjU","negative","Tue Aug 20 20:02:51 +0000 2013"
"1370734727","ErkHaber","@fatihcaglayan25 Flaş... Flaş... Erzurum değil Türkiye sarsılacak... Büyükşehir dosyasını açıyoruz... http://t.co/rqt2rs1BjU","negative","Tue Aug 20 20:03:00 +0000 2013"
"763038562","ErkHaber","@fatih_cngz Flaş... Flaş... Erzurum değil Türkiye sarsılacak... Büyükşehir dosyasını açıyoruz... http://t.co/rqt2rs1BjU","negative","Tue Aug 20 20:03:05 +0000 2013"
"-1032135659","ErkHaber","@Cengizyavili Flaş... Flaş... Erzurum değil Türkiye sarsılacak... Büyükşehir dosyasını açıyoruz... http://t.co/rqt2rs1BjU","negative","Tue Aug 20 20:03:15 +0000 2013"
"-92450165","ErkHaber","@AK_HEDEF_2023 Flaş... Flaş... Erzurum değil Türkiye sarsılacak... Büyükşehir dosyasını açıyoruz... http://t.co/rqt2rs1BjU","negative","Tue Aug 20 20:03:24 +0000 2013"
"-1979201079","GetemMac1","@_Patheticism_ @Finney000 @SmoothKremenal @wintercock H1z1 also known as ""zombie flu"" two dozen cases we ready to suit up? #supersmashedbros","negative","Tue Aug 20 20:03:26 +0000 2013"
"348186149","ErkHaber","@ztarikdaroglu Flaş... Flaş... Erzurum değil Türkiye sarsılacak... Büyükşehir dosyasını açıyoruz... http://t.co/rqt2rs1BjU","negative","Tue Aug 20 20:03:32 +0000 2013"
"-321029271","ErkHaber","@m_zaylak Flaş... Flaş... Erzurum değil Türkiye sarsılacak... Büyükşehir dosyasını açıyoruz... http://t.co/rqt2rs1BjU","negative","Tue Aug 20 20:03:41 +0000 2013"
"1822858862","ErkHaber","@ZaferLomenler Flaş... Flaş... Erzurum değil Türkiye sarsılacak... Büyükşehir dosyasını açıyoruz... http://t.co/rqt2rs1BjU","negative","Tue Aug 20 20:03:49 +0000 2013"
"1704406842","kirstoniaa","butt shots are the worst.... I had to get one when I had meningitis and they have to shove the needle on hard bc butt fat😭😭😭😭","negative","Tue Aug 20 20:05:42 +0000 2013"
"1949914473","Flu_Vaccine","Flu #vaccine news: Glaxo's Flu Vaccine Gets U.S. Approval - Analyst Blog http://t.co/YZYEG4dxCg #pathogenposse #flu","negative","Tue Aug 20 22:03:14 +0000 2013"
"-2005004599","GeorgeEvans_","@Microsoft just the Xbox software online makes me want to throw myself off a tv mast into a pit of hepatitis c infected syringes","negative","Tue Aug 20 22:03:25 +0000 2013"
"-182544940","Alisana_Tuilagi","Goodmorning :/ High fever,flu and head ache,urgh !!","negative","Tue Aug 20 22:03:42 +0000 2013"
"1322303670","GetGott","RT @UberFacts: A swine flu outbreak in 1976 killed one person but, the vaccine for the swine flu killed 25.","negative","Wed Aug 21 16:03:34 +0000 2013"
"-1944348526","RicSample_","RT @UberFacts: A swine flu outbreak in 1976 killed one person but, the vaccine for the swine flu killed 25.","negative","Wed Aug 21 16:03:54 +0000 2013"
"135381797","CameronLBishop","RT @UberFacts: A swine flu outbreak in 1976 killed one person but, the vaccine for the swine flu killed 25.","negative","Wed Aug 21 16:04:28 +0000 2013"
"1549228716","Smehlanie","RT @UberFacts: A swine flu outbreak in 1976 killed one person but, the vaccine for the swine flu killed 25.","negative","Wed Aug 21 16:04:37 +0000 2013"
"1284206521","ubekker","Being prenant and having the flu sucks! #flu #pregnant","negative","Wed Aug 21 16:04:44 +0000 2013"
"1116277017","StormiiNite","RT @UberFacts: A swine flu outbreak in 1976 killed one person but, the vaccine for the swine flu killed 25.","negative","Wed Aug 21 16:05:38 +0000 2013"
"-476177710","roughsoriano","my flu is breaking and there's this rain darting again and as worry is the realest thing there is i… http://t.co/PbWKoamoEA","negative","Wed Aug 21 16:05:51 +0000 2013"
"214741517","sdelucaxo","“@UberFacts: A swine flu outbreak in 1976 killed one person but, the vaccine for the swine flu killed 25.” @hannah103xoxo","negative","Wed Aug 21 16:05:54 +0000 2013"
"369403122","SiLabuLabi","Probiotics provide protection against influenza infection http://t.co/eW4LJ6HthE","negative","Wed Aug 21 16:06:20 +0000 2013"
"1750430938","Bigtime_Beydoun","RT @UberFacts: A swine flu outbreak in 1976 killed one person but, the vaccine for the swine flu killed 25.","negative","Wed Aug 21 16:06:56 +0000 2013"
"1591360882","fclgannett","Central MN health facilities recognized by @mnhealth for No. of employees vaccinated against flu in 2012-13. http://t.co/R4isnwl7yu","negative","Wed Aug 21 16:08:13 +0000 2013"
"-1382792492","sctimes","RT @fclgannett: Central MN health facilities recognized by @mnhealth for No. of employees vaccinated against flu in 2012-13. http://t.co/R4…","negative","Wed Aug 21 16:08:42 +0000 2013"
"1407807917","NRIC_Global","Seasonal flu vaccination: who should have it and why (2013)... http://t.co/Ew1cVEPKwa","negative","Wed Aug 21 16:08:53 +0000 2013"
"-1952867227","fiercefro","RT @UberFacts: A swine flu outbreak in 1976 killed one person but, the vaccine for the swine flu killed 25.","negative","Wed Aug 21 16:09:10 +0000 2013"
"-1683189388","TheConfect","RT @UberFacts: A swine flu outbreak in 1976 killed one person but, the vaccine for the swine flu killed 25.","negative","Wed Aug 21 16:09:51 +0000 2013"
"404337770","SilvijaPodkrajs","RT @UNICEF: Why the world Is not yet done with polio. via @NatGeo http://t.co/GjpWZagbb0 #endpolio","negative","Wed Aug 21 16:10:15 +0000 2013"
"-685481021","AryehsSharings","#RSOE_EDIS BH : H7N7 (Mild-form avian influenza) / Europe / Italy [0:0] http://t.co/DnFaCIvwGp","negative","Wed Aug 21 16:10:34 +0000 2013"
"-1138431617","NCPublicHealth","Healthcare workers need immunity to flu, hepatitis B, measles, mumps, rubella, pertussis, &amp; chickenpox","negative","Wed Aug 21 19:25:46 +0000 2013"
"1446372681","kikamondelo","Europa se enfrenta a un repunte de la tuberculosis  http://t.co/LYetGoY7VO vía @el_pais GRACIAS MERKEL GRACIAS UE","negative","Wed Aug 21 19:25:57 +0000 2013"
"-1792483384","avelinojvazquez","“@neosystems_ecm: ""Tecnología asturiana para la tuberculosis"" #tecnología #Asturias @fundacionctic @servilleta http://t.co/8F4Dcct6Pe”","negative","Wed Aug 21 19:26:17 +0000 2013"
"1091924222","abhishek_aditya","#abhishek_Aditya China bird flu analysis finds more virus threats lurking http://t.co/c8aYDeQCkT","negative","Wed Aug 21 19:26:36 +0000 2013"
"-319843169","LilDawgie","Animal Related.. How Deadly H7N9 Flu Could Jump from Birds to Mammals","negative","Wed Aug 21 19:26:54 +0000 2013"
"1528918355","hazespore","Scientists find another H7-type flu virus in Chinese chickens: August 22, 2013 1:11 AM PARIS (AFP) - Scientists... http://t.co/EpXU88dRri","negative","Wed Aug 21 19:27:05 +0000 2013"
"367258215","ladycatlover","RT @guardian: New H7N7 bird flu strain discovered that could pose threat to humans:  http://t.co/34pCb2RbHe","negative","Wed Aug 21 19:27:16 +0000 2013"
"85302345","BennyBoyy69","RT @funnyhumors: 90 people get swine flu and everyone wants to wear a mask. Millions of people have AIDS and HIV yet no one wants to wear a…","negative","Wed Aug 21 19:27:44 +0000 2013"
"-1431921880","HannaHart94","@clarewalsh_ I got the hepatitis A 😒","negative","Wed Aug 21 19:28:45 +0000 2013"
"-2105579437","aptaim","*applauds* .@NHSEngland for commissioning pan-London flu vaccination service at pharmacies: commissioners take note. http://t.co/EP8w6qEsIJ","negative","Wed Aug 21 19:30:21 +0000 2013"
"-653999032","pharmacyshow","RT @aptaim: *applauds* .@NHSEngland for commissioning pan-London flu vaccination service at pharmacies: commissioners take note. http://t.c…","negative","Wed Aug 21 19:30:41 +0000 2013"
"531956999","MarionKoopmans","little risk of animal influenza in Mongolia, based on serosurvey http://t.co/3Duyt5lRly","negative","Wed Aug 21 19:30:42 +0000 2013"
"-718531107","NVICLoeDown","GSK clears another flu vaccine, but patients may not be buying  http://t.co/DR5SEpIoc1","negative","Wed Aug 21 19:31:05 +0000 2013"
"-2043026430","glaciarblue","China bird flu analysis finds more virus threats lurking - http://t.co/1lrc7hHhZF via http://t.co/9uN2mp2qKG","negative","Wed Aug 21 19:31:33 +0000 2013"
"313460622","SustainOurEarth","Emergence of H7N9 avian flu hints at broader threat | @scoopit http://t.co/g4jDFUlXEb","negative","Wed Aug 21 19:31:41 +0000 2013"
"1599269633","BirdsUpdate","How Deadly H7N9 Flu Could Jump from Birds to Mammals - http://t.co/Yvwt10eO1G http://t.co/gjCjbidsZa","negative","Wed Aug 21 19:31:48 +0000 2013"
"1298006188","SueHalena","RT @fclgannett: Central MN health facilities recognized by @mnhealth for No. of employees vaccinated against flu in 2012-13. http://t.co/R4…","negative","Wed Aug 21 19:31:59 +0000 2013"
"-174899653","jfarley61","I like ""Killer Wit (Ft. Fred The Godson &amp; Jae Millz) [Prod.By @mizthewiz718] (DatPiff Exclusive)"" on ""Slime Flu 3"" by Vado.","negative","Wed Aug 21 19:32:41 +0000 2013"
"-1625627549","_TarynItUpp_","@KimberJene Well at the very end she thought she was pregnant but she didn't think she was that far along, she thought it was the flu","negative","Wed Aug 21 19:32:58 +0000 2013"
"-1039731580","worldrssuk","New H7N7 bird flu strain discovered that could pose threat to humans - The Guardian http://t.co/fhWfcaciBZ","negative","Wed Aug 21 19:33:04 +0000 2013"
"-1054285452","JACKLIFE1","Daily -Swine flu (H1N1): High risk groups - http://t.co/xNBMuJK5HT","negative","Wed Aug 21 19:34:10 +0000 2013"
"-614767788","DearPharmacist","RT @aptaim: *applauds* .@NHSEngland for commissioning pan-London flu vaccination service at pharmacies: commissioners take note. http://t.c…","negative","Wed Aug 21 19:34:23 +0000 2013"
"742494357","AfamChukwudi1","90 people get swine flu and everyone wants to wear a mask. Millions of people have AIDS and HIV yet no one wants to wear a condom....""","negative","Wed Aug 21 19:34:47 +0000 2013"
"-1868940743","k8droste","RT @ezraklein: Wonkbook: House GOP considers trading the flu for septic shock http://t.co/qCKqtBd86S","negative","Thu Aug 22 12:46:46 +0000 2013"
"-206058306","Superfeeder","#p2 Wonkbook: House GOP considers trading the flu for septic shock [Ezra Klein] http://t.co/UFvDK5LOFn","negative","Thu Aug 22 12:47:03 +0000 2013"
"-1065073865","DCSmallBz","[WPost: Economy] #Wonkbook: House GOP considers trading the flu for septic shock http://t.co/RABcRafoTz","negative","Thu Aug 22 12:47:04 +0000 2013"
"-8370036","ConversionData","Wonkbook: House GOP considers trading the flu for septic shock http://t.co/Txvbek6ocb","negative","Thu Aug 22 12:47:17 +0000 2013"
"-1365340593","JackJill13","Wonkbook: House GOP considers trading the flu for septic shock http://t.co/CiejLK9e3R","negative","Thu Aug 22 12:47:17 +0000 2013"
"-774615770","Oliwiagorska","Wonkbook: House GOP considers trading the flu for septic shock http://t.co/uQx5gHwCvh","negative","Thu Aug 22 12:47:17 +0000 2013"
"733456400","Alva_Dias","Wonkbook: House GOP considers trading the flu for septic shock http://t.co/Vr3DFMBYVV","negative","Thu Aug 22 12:47:17 +0000 2013"
"-1435312814","Amandrogibss","Wonkbook: House GOP considers trading the flu for septic shock http://t.co/lM02WwJJAH","negative","Thu Aug 22 12:47:17 +0000 2013"
"678998293","SuryaRay3","#SuryaRay #Surya Wonkbook: House GOP considers trading the flu for septic shock http://t.co/Qyq5deswWn @suryaray @suryaray3","negative","Thu Aug 22 12:47:17 +0000 2013"
"-1382134825","DSouza_Tina","Wonkbook: House GOP considers trading the flu for septic shock http://t.co/ErT43iUp2I","negative","Thu Aug 22 12:47:17 +0000 2013"
"265947094","VimalAnbalagan","Wonkbook: House GOP considers trading the flu for septic shock http://t.co/GNJWy5fY4a","negative","Thu Aug 22 12:47:17 +0000 2013"
"-1166665643","DINESH____KUMAR","Wonkbook: House GOP considers trading the flu for septic shock http://t.co/H7PXAgdYle","negative","Thu Aug 22 12:47:17 +0000 2013"
"1675757616","blake_sunny","Wonkbook: House GOP considers trading the flu for septic shock http://t.co/e77OfmvO44","negative","Thu Aug 22 12:47:18 +0000 2013"
"1225623238","PrettySanta1","Wonkbook: House GOP considers trading the flu for septic shock http://t.co/pusASTkpfA","negative","Thu Aug 22 12:47:19 +0000 2013"
"1045601437","RayInformatics","Wonkbook: House GOP considers trading the flu for septic shock http://t.co/QxY7J1ZiSP","negative","Thu Aug 22 12:47:19 +0000 2013"
"682495182","Rajat_Basu","Wonkbook: House GOP considers trading the flu for septic shock http://t.co/P9NERtJCZK","negative","Thu Aug 22 12:47:19 +0000 2013"
"-65192304","Nidhish___Kumar","Wonkbook: House GOP considers trading the flu for septic shock http://t.co/p7ef1yPin0","negative","Thu Aug 22 12:47:24 +0000 2013"
"727515490","BOSTANCIUMT","Why is @mcgregor_ewan on a cold chain distributing #polio #vaccines to remote places with @UNICEF? Watch: http://t.co/p69Wh1MeQT","negative","Thu Aug 22 12:47:49 +0000 2013"
"-1466112762","CoppedNews","#coppednews Wonkbook: House GOP considers trading the flu for septic shock http://t.co/d9EjddcNqW","negative","Thu Aug 22 12:49:48 +0000 2013"
"909352926","jaytsacher","We should be OK as long as we keep Gwyneth Paltrow away from exotic pork dishes. http://t.co/kAn2Ivdmh0","negative","Thu Aug 22 12:51:31 +0000 2013"
"-1171802591","Medicine_News","Flu vaccine associated with reduced risk of acute myocardial infarction: Researchers in Australia have found a... http://t.co/smTDZSrCg5","negative","Thu Aug 22 12:52:00 +0000 2013"
"1093265992","Thewoodmangarni","Got my results...wait for it...Got a B in Hepatitis... Hoorah!!! #winning","negative","Thu Aug 22 12:52:00 +0000 2013"
"1513914805","uticaOD","Flu vaccines available in Madison County http://t.co/9DMUw8vAjt","negative","Thu Aug 22 12:52:00 +0000 2013"
"1465739490","prometheusgreen","RT @edyong209: H7N9 flu moved from wild ducks --&gt; domestic ducks --&gt; chickens --&gt; us, swapping genes along the way http://t.co/fCEPz0ddyc","negative","Thu Aug 22 12:52:35 +0000 2013"
"141307614","CheffBishop","Listening 2 That Slime Flu 4!!! Time2 Work Out!???","negative","Thu Aug 22 12:52:51 +0000 2013"
"1750493316","_errxnxtxshx","this flu gtg la hais","negative","Thu Aug 22 12:53:35 +0000 2013"
"-321381548","edinlah","RT @Heart_KL: 10 years ago, these medical staff risked their lives to stop SARS. Here's their story: http://t.co/vX3cz1CiWr

The forgotten …","negative","Thu Aug 22 12:53:36 +0000 2013"
"-760323809","TheFluTrap","Scientists find another flu virus in chickens in China http://t.co/2WPQRHzpOD #flu #influenza","negative","Thu Aug 22 12:53:38 +0000 2013"
"-566468475","syukrikhairi","RT @Heart_KL: 10 years ago, these medical staff risked their lives to stop SARS. Here's their story: http://t.co/vX3cz1CiWr

The forgotten …","negative","Thu Aug 22 12:54:03 +0000 2013"
"-678664410","ikizamansahibi","Bana göre aşık öyle olmalı ki, şöyle bir kalkınca, her tarafı ateşler sarsın; her tarafta kıyametler kopsun. http://t.co/CBcZqMBEGX","negative","Thu Aug 22 12:54:05 +0000 2013"
"1567224781","health_watch","The H1N1 recap: Medical scientists explain how flu pandemic explains scope but not impact of H1N1 infection - Helium http://t.co/5SVnsh6Bka","negative","Thu Aug 22 12:54:14 +0000 2013"
"-1466249196","Bigbird_Grove_","Flume to Join Disclosure UK Tour

http://t.co/sLDZGyHDP1","negative","Thu Aug 22 21:19:02 +0000 2013"
"-571382669","fallonthornley","@ninatypewriter @tcm @NextOnTCM Aunt Augusta-""Poverty is apt to strike suddenly... like influenza.""-Travels with My Aunt (1972) #TCMParty","negative","Thu Aug 22 21:20:43 +0000 2013"
"-1207175700","HolSmale","@RBBookworm I knowww! Just recovering from ANOTHER bout of flu! How's you? X","negative","Thu Aug 22 21:23:00 +0000 2013"
"1577127744","Ha_Tanya","@BreakfastNews tell the undertaker not to worry. It will just shift from winter flu deaths to summer heat wave deaths (sadly)","negative","Thu Aug 22 21:23:39 +0000 2013"
"-1797342871","_marioth","New avian flu virus prompts authorities to act - http://t.co/oFCB68tMw2 - and more on http://t.co/ZpAArgF4sV - http://t.co/4DDEB3Kgsc","negative","Thu Aug 22 21:26:24 +0000 2013"
"622533489","suzannebrooks","#TheWorldNeedsMore #healthychildren!  I ran 2.628 Charity Miles to help Shot@Life provide polio vaccines 4 miles vaccinates a child #BeyGood","negative","Fri Aug 23 14:03:40 +0000 2013"
"-697541416","nandeaprillia","-aku&amp;papa-*flu* aku:pa,aku mbeler lg |papa:y minum obat|aku:mls ga ngaruh| papa:beli obat di tv sana,2 detik lgsng sembuh. zz korban iklan_-","negative","Fri Aug 23 14:03:46 +0000 2013"
"984560221","Gothamist","Hepatitis A Warning For Anyone Who Ate Chopped Fruit From Westside Market http://t.co/bWUvgmYFbV","negative","Fri Aug 23 14:08:12 +0000 2013"
"1107570859","MoogleCyrus","RT @Gothamist: Hepatitis A Warning For Anyone Who Ate Chopped Fruit From Westside Market http://t.co/bWUvgmYFbV","negative","Fri Aug 23 14:08:33 +0000 2013"
"753486939","NPadillaNYC","RT @Gothamist: Hepatitis A Warning For Anyone Who Ate Chopped Fruit From Westside Market http://t.co/bWUvgmYFbV","negative","Fri Aug 23 14:08:41 +0000 2013"
"448833847","ElizabthMurray","..... RT @Gothamist: Hepatitis A Warning For Anyone Who Ate Chopped Fruit From Westside Market http://t.co/rZJw91n4XW","negative","Fri Aug 23 14:09:09 +0000 2013"
"-868436672","ThisIsAngelika","""@KoyaKem: Hindi ka magkaka-dengue kapag aso ang kumagat sayo."" This!","negative","Fri Aug 23 15:32:37 +0000 2013"
"-2065853527","Lyssaa_11","@idolan23 I have toooo.  I'm still recovering from the flu","negative","Fri Aug 23 15:32:42 +0000 2013"
"1952818931","GaelGreene","@grubstreetny Hepatitis A in fruit handler. Yet another reason not to be so lazy but to cut up your own fruit. After all, it's summer.","negative","Fri Aug 23 15:33:49 +0000 2013"
"-30265670","JayTuvz","@danedison_ You're so stupid you though your GCSE's were a tuberculosis vaccination.","negative","Fri Aug 23 15:33:56 +0000 2013"
"-624602358","HaberMedyacomt1","Nicolas Anelka’nın kararı Ada’yı salladı: Menajerinin ani ölümüyle sarsılan, İngiltere… http://t.co/KM0aluiMQk","negative","Fri Aug 23 15:34:23 +0000 2013"
"1447848012","pandemic_news","Scientists discover new bird flu virus ‘worse than H7N9’ http://t.co/OzhrXbprJt","negative","Fri Aug 23 15:35:37 +0000 2013"
"77597516","charleylhasa","RT @nycgov: Today 2-8pm: Free Hepatitis A Vaccines for Westside Market patrons at Community Action School 154 W93rd St. Text HEPA to 877877…","negative","Fri Aug 23 15:35:57 +0000 2013"
"769521727","charleylhasa","RT @westsiderag: Free Hepatitis A shots for 97th street Westside Market customers who may have been exposed: http://t.co/Ck3VBwJRgt","negative","Fri Aug 23 15:36:08 +0000 2013"
"-540922510","charleylhasa","RT @Gothamist: Hepatitis A Warning For Anyone Who Ate Chopped Fruit From Westside Market http://t.co/bWUvgmYFbV","negative","Fri Aug 23 15:36:26 +0000 2013"
"-1106608185","coreburnflat","Emergence of H7N9 avian flu hints at broader threat - http://t.co/FqGTV6R08o http://t.co/6xLRT0f5mD #health","negative","Fri Aug 23 15:36:59 +0000 2013"
"-1034355954","ccpublichealth","Do you know how to protect your preteen or teen from meningococcal disease like meningitis?  http://t.co/nH7erchdrm","negative","Fri Aug 23 15:37:08 +0000 2013"
"1296785046","sheisNajwa","@emalboyz flu la bongok. Hahah","negative","Fri Aug 23 15:37:17 +0000 2013"
"984763170","SN_news","NYC market warns of hepatitis A exposure http://t.co/2UdxopPLWh via @SN_news","negative","Fri Aug 23 15:37:44 +0000 2013"
"35537582","ByUninformed","RT @warrenmichaels: BIRD FLU NEWS Polio spreads to Ethiopia (crofsblogs) http://t.co/c8IsK5iqKo follow warren today","negative","Fri Aug 23 15:38:55 +0000 2013"
"57902754","KerrHealth","RT @TIMEHealthland: RT @AliceParkNY: New bird flu found in ducks and chickens: how worried should we be? http://t.co/eMnlKXSgs1 via @TIMEHe…","negative","Fri Aug 23 15:39:19 +0000 2013"
"-732875820","ravavra","Being sick with the flu could be the worst thing ever","negative","Fri Aug 23 15:39:38 +0000 2013"
"-1267756964","selimhan2","Ne ilâhî bir ses ""Allahu Ekber"" sarsıyor canı
Bu bir Hakk'a yakarıştır, çok mudur inletse dünyaları? M.Akif Ersoy
#BodrumdaEzanlarSusmayacak","negative","Sat Aug 24 20:26:33 +0000 2013"
"1310978072","HolaConoceChile","Confirman 2 nuevos casos de meningitis W-135 - La Nación (Chile): Publimetro Chile Confirman 2 nuevos casos de... http://t.co/idZOdCQRA9","negative","Sat Aug 24 20:28:03 +0000 2013"
"471634845","NewsChile","Confirman 2 nuevos casos de meningitis W-135 - La Nación (Chile) http://t.co/FKf80j0OiV #Economía","negative","Sat Aug 24 20:28:03 +0000 2013"
"2033948530","Rajsimuang","@YaGirl_Railey haha, nothing serious. It's just a tuberculosis test I had to do for internship!","negative","Sat Aug 24 20:28:24 +0000 2013"