"1664039869","positive","Parasitic Meningitis Confirmed In Arkansas: Water Park Shut Down After Kali Hardig, Age 12, Gets It http://t.co/NEadNVTVGz",None
"673587433","positive","...98 million Americans received one or more doses of polio vaccine within an 8-year span when a proportion of the vaccine was...",None
"-1588023508","positive","The H1N1 recap: Medical scientists explain how flu pandemic explains scope but not impact of H1N1 infection - http://t.co/fkY1xUs0LU",None
"248690472","positive","West Nile virus found | Local | News | Brockville Recorder http://t.co/Cyg9nnvVl4",None
"920780797","positive","SFH on confirmed human case of avian influenza A(H7N9) in Guangdong Province http://t.co/78UHzleEq6",None
"1441730367","positive","Polio-afflicted
 man to drive from Chennai to Delhi - The Times of India 
http://t.co/JOqE5W2v0P",None
"-1179368760","positive","RT @TODAYonline: Residents of Jurong West beware, the area now has the biggest dengue cluster in Singapore http://t.co/H7cLO9Gytp",None
"-1536904371","positive","RT @WHO: Latest update on #H7N9 situation http://t.co/uhk0crw97M (as of 11 August 2013) #influenza",None
"1052588652","positive","A ‘Kill Switch’ For #H7N9 and #H5N1 ‘Gain-Of Function’ Influenza Viruses  #flu #influenza #NatureBiotech  http://t.co/T5SjNL935g",None
"1435202791","positive","Preventing tuberculosis deaths in India http://t.co/YlpOeHrfOU via @NewYorker",None
"602837864","positive","WHO | Middle East respiratory syndrome coronavirus (MERS-CoV) - update http://t.co/LDRcrQWbRC",None
"-2113739817","positive","Bhaktapur dist declared bird flu emergency zone http://t.co/ODXaHrfbxq #flu #influenza",None
"-189884556","positive","RT @makoto_au_japon: #Nepal: Declaration of #birdflu emergency postponed for 3 days http://t.co/ym2mgbGf2O #Kathmandu #Bhaktapur #poultry #…",None
"-1552063298","positive","Terra #Flu - Técnico do Manchester United: 'Nós não queremos vender Wayne Rooney' http://t.co/ZZEAESEAER",None
"1124974758","positive","#Dengue News: Five Dengue cases reported in Amreli town - Times of India http://t.co/EZOAallO7g",None
"1747638600","positive","#Dengue News: Swiss on alert for mosquito blamed for dengue - Las Vegas Sun http://t.co/gtLbZiP9og",None
"475669863","positive","Formamızdaki çubukların geçişlerinin flu olması göze hiç hoş gelmiyor bence. Kimin fikri la bu?",None
"-2075362383","positive","Just passed worst flu in ages",None
"-2000016518","positive","Anti-Polio Operation to be Expanded to All of Israel
md http://t.co/uPgddY8PTG",None
"-11784946","positive","RT @WHO: To date, WHO has been informed of 135 laboratory-confirmed human cases with #H7N9 virus, including 44 deaths",None
"618726571","positive","@JickyJuly Ewww, my heart goes out to you. Summer flu is ungood.",None
"-1536190565","positive","What are my chances of contracting West Nile virus",None
"-1998932462","positive","Diferencias entre gripe normal y la H1N1  via @mmcuesta http://t.co/qRXylyYFFP”",None
"-1198342337","positive","Teen Paralyzed After Getting H1N1 Vaccination http://t.co/sKX7B8tkpx",None
"-223499089","positive","@flyndre_nemesis Ron Douchier http://t.co/MSZl5ClVDJ",None
"1513361306","positive","Measles cases fall in West Midlands: The number of cases of measles in the West Midlands has fallen, health ex... http://t.co/5Aw4BKay2g",None
"-1785954380","positive","Just passed worst flu in ages.",None
"450506998","positive","La dengue definitivamente es idiota.",None
"1391326354","positive","#DiaDosPais #LuizCarlos #Churrasco #BencaoDeDEUS #Fla-Flu #VaiPraCimaDelesMENGO! http://t.co/b8UwZdTPu3",None
"55812807","positive","Fla-Flu: torcedores ainda podem comprar ingressos no Maracanã http://t.co/AEQaCKDIe3 #flamengo #netfla",None
"1992151975","positive","RT @Health_Diets: Evidence suggests new bird flu spread among people: LONDON (AP) — Chinese scientists have found the strongest ... http://…",None
"-2086838224","positive","Ranking ST hoje 15h

1. CRU 269
2. FLU 76
3. FLA 40
4. PAL 17
5. SPO 3

Mais info: http://t.co/6RwEjNre5U",None
"-1273217090","positive","Did you know? Each year, up to 49k people die due to the flu. http://t.co/i3ZKnxD94H. #vaccinations http://t.co/B8sYF82SMV",None
"-441345263","positive","É DAQUI A POUCO, NAÇÃO!

FLA 1 x 0 FLU - 50 curtidas
FLA 2 x 0 FLU - 100 curtidas
FLA 3 x 0 FLU - 150... http://t.co/uIxUw34zzE",None
"1605897523","positive","RT @HistFutMelhor: Ranking ST hoje 15h

1. CRU 269
2. FLU 76
3. FLA 40
4. PAL 17
5. SPO 3

Mais info: http://t.co/6RwEjNre5U",None
"-1725628968","positive","ai karalho, fla-flu podia começar logo ne",None
"-281045272","positive","Fluminense x Flamengo: Terra acompanha 1º Fla-Flu do novo Maracanã http://t.co/QK9gCE5cjO",None
"-617339822","positive","لا تفوتكم دربي Fla–Flu
دربي ريو دي جانيرو
فلامنغو وفلومينينسي ١٠:٠٠
وهذا وثائقي يختصر الحديث عن الدربي http://t.co/r2snS2BozD",None
"-640394650","positive","RT @NattyNarch: ai karalho, fla-flu podia começar logo ne",None
"2055285121","positive","Fluminense x Flamengo: Terra acompanha 1º Fla-Flu do novo Maracanã http://t.co/KTakxJ28u0 #TerraFutebol",None
"-2070292601","positive","Canine influenza has been traced as a mutation from the virus causing equine influenza in horses.",None
"1019388941","positive","Medical Doctor Retracts H1N1 Vaccine Advice After Reading Insert! http://t.co/iWdjzQS7EN",None
"-567604454","positive","RT @ASAPTYBEATS: http://t.co/H6Kmpil8QD

COLLABED WITH @araabMUZIK ON @VADO_MH 1st TRACK - WHITE COLLAR CHECK IT OUT",None
"2047340852","positive","RT @PresidenciaMX: Campaña Nacional contra la Tuberculosis Bovina http://t.co/0j9UJhrLvA http://t.co/Ng1SsBHVgF",None
"1749708420","positive","Risk of West Nile virus on the rise via @bostondotcom com http://t.co/GMpomB5r2V",None
"-1095171733","positive","RT @MohamedAlnumair: لا تفوتكم دربي Fla–Flu
دربي ريو دي جانيرو
فلامنغو وفلومينينسي ١٠:٠٠
وهذا وثائقي يختصر الحديث عن الدربي http://t.co/r2s…",None
"-1586351374","positive","but flu worsens.",None
"-78770964","positive","La OMS instaura nueva clasificación clínica del dengue http://t.co/bo6Rz7UILm",None
"1056754685","positive","La OMS instaura nueva clasificación clínica del dengue http://t.co/mFpM8iVB6I",None
"-473465770","positive","Teen's Rare H1N1 Vaccine Side Effect http://t.co/RdIAueweXh",None
"-848700642","positive","RT @globovision: La OMS instaura nueva clasificación clínica del dengue http://t.co/bo6Rz7UILm",None
"-1098071436","positive","Infant vaccination schedule: How to administer Hepatitis A vaccine (Hep A) - Helium http://t.co/1aiLHO2IPO",None
"-889432923","positive","RT @blogdokter: Campak (Measles) http://t.co/GlfembBbR1 #BlogPost",None
"515693824","positive","RT @WHO: Middle East respiratory syndrome antibodies found in camels - what does it mean? http://t.co/oKnCGkvwpm #MERS #coronavirus",None
"-1469091074","positive","Guidelines for polio prevention - http://t.co/RsKLTm9Qs4",None
"-540127839","positive","OMS instaura nueva clasificación clínica del dengue http://t.co/rWHpq1waN6 @IvethRocio @estudiantesmpv @KerenVC",None
"-1785787271","positive","La OMS instaura nueva clasificación clínica del dengue http://t.co/F6qJXSDqpy",None
"-170462925","positive","#Health Flu vaccine not tied to pregnancy complications  http://t.co/hMq0Z1cvAP",None
"-974481357","positive","Ancien: L'anti-moustique miracle enfin trouvé ? http://t.co/lA2isnTuHD #Anti #Dengue #Moustique #Patch",None
"-2107955327","positive","RT @Caledonianbox: Ancien: L'anti-moustique miracle enfin trouvé ? http://t.co/lA2isnTuHD #Anti #Dengue #Moustique #Patch",None
"-14053816","positive","RT @banquran2: In 2010 the Saudis didn’t wait for Allah’s protection against H1N1 virus 2 protect Muslims in Mecca but resorted 2 drug supp…",None
"-222496129","positive","Campaña Nacional contra la Tuberculosis Bovina http://t.co/1UqVTfhjrY http://t.co/ZgB2uxuqAi",None
"-810728883","positive","RT @NETFLU: “Presidentes” duelam no Fla-Flu: Kenedy x Nixon http://t.co/OQsYlY7eRe",None
"520848124","positive","RT @PresidenciaMX: Campaña Nacional contra la Tuberculosis Bovina http://t.co/1UqVTfhjrY http://t.co/ZgB2uxuqAi",None
"-569585426","positive","Catherine de'Medici's father, Lorenzo II, had syphilis &amp; tuberculosis &amp; had infected her mother, who died 2 weeks after giving birth.",None
"-1831887195","positive","H1N1 VACCINE If YOU get a rare side effect TOUGH LUCK http://t.co/NZqIm1p3TL",None
"-1809536626","positive","Vado – ‘Slime Flu 4′ (Mixtape Artwork &amp; Track List) (@Vado_Mh ) http://t.co/Rje4YCOmmR",None
"1316853636","positive","Vet vouches for virus vaccine: The Hendra virus is going to come to the region and if you care about your hors... http://t.co/p5FKLkg5WP",None
"400702885","positive","FDA OKs Use of Meningitis Vaccine in Infants, Toddlers http://t.co/sTNooWQoKP",None
"1262133725","positive","Campaña Nacional contra la Tuberculosis Bovina http://t.co/4Bcf60zXh3 http://t.co/d9ktSYDt9Y",None
"-1801798386","positive","""@PresidenciaMX: Campaña Nacional contra la Tuberculosis Bovina http://t.co/Fw8W2Bpy0F http://t.co/xCINy1R1CR"" @SagarpaVeracruz",None
"1939736882","positive","RT @ComunicSocialMX: Campaña Nacional contra la Tuberculosis Bovina http://t.co/4Bcf60zXh3 http://t.co/d9ktSYDt9Y",None
"1018155458","positive","RotaryChat – Rotarys’ Role in Ending Polio http://t.co/zt3uUQJJ5d",None
"1432786553","positive","Dead bird reporting tool used to track West Nile virus - http://t.co/D4jVUtvF6V http://t.co/r0i05j92kp",None
"1772671011","positive","Chh, I would not wish dengue on my worst enemy.",None
"-445021921","positive","RT @MissRheaDawn: Chh, I would not wish dengue on my worst enemy.",None
"-2028996129","positive","Coronavirus spreading in Middle East may be linked to camels http://t.co/sJbZPD4ZML",None
"-747668097","positive","RT @pediatips_vzla: Los dromedarios pueden ser la causa de propagación de un coronavirus http://t.co/cCAODQSwx4 vía @ria_novosti_sp",None
"-967360930","positive","Кирилл дразнит Вику http://t.co/KFALXMczbg #new #follow",None
"1244615136","positive","Fla-Flu!! VAMOS FLAMENGOOOO!! http://t.co/dACNNhTlFg",None
"1942328549","positive","News -How to treat H1N1 at home - http://t.co/YdJUROFruA",None
"-661691678","positive","@mrmickego Yh well, iv had flu before, dnt like it and as for rabies, well",None
"-190459534","positive","#Biotech MicroRNA-based strategy to mitigate the risk of gain-of-function influenza studies http://t.co/18fbgfbZr4 by (@naturemagazine)",None
"1393516498","positive","La OMS instaura nueva clasificación clínica del dengue http://t.co/wx82WvkX5O",None
"-655339520","positive","Jiah,tidur la sana atau mau aq kirim foto yang tadi RT @Fhiiekha18: Åþå åĵĵ deh -_-' RT@dhana128: Apaan flu bek ??? RT @Fhiiekha18: Flu bek",None
"-1513881197","positive","RT @NeoFacts: Pigs are the enemies in Angry Birds because swine flu was happening when the game was being developed.",None
"-911905552","positive","Ay this flu...umuntu kumele ayeClinic kusasa ekseni engakacefezelwa iScrum Master ngomsebenzi.",None
"1923688797","positive","The fact that my great grandma is 80 and has polio and is still walking is beyond me",None
"-2061652610","positive","Fla x Flu...ai é foda kkkkkkkk",None
"760593111","positive","Ironic and yet fitting! @davidbaron: Last person to get smallpox died of malaria, while working to eradicate polio. http://t.co/4tEzU4XXec",None
"774177547","positive","These niggaz be trippin like they got polio!!
#wheelchair",None
"-727888964","positive","Chilling!! #Polio #Dissability=swag #Braces #Vans #Red #woodenfloor #pigeontoes :p #igotswag??? http://t.co/1h104AbQWV",None
"-65579568","positive","Awake and infected by flu. Lepas dari semalam (10 August) mmg ramai yg sakit. Apakah ini semua ?",None
"353952773","positive","#WorldNews Camels linked to Middle East respiratory syndrome coronavirus: http://t.co/2Zxdyiad4w... http://t.co/BqCOqpfO1R #TCOT",None
"-1030625148","positive","Anca ses kısarsınız bu kadar korkaksınız, bebeler",None
"1420438181","positive","I had suspected meningitis  #holidayfails",None
"-1338926782","positive","Then on the 15th we got Sosa droppin Bang 2 and Vado droppin slime flu 4",None
"506722976","positive","I presented an ""End Polio Now"" scarf to First President Kenneth Kaunda. http://t.co/bZw4banOTg http://t.co/5oAoXksmpJ",None
"961429613","positive","RT @GOPBriefingRoom: #WorldNews Camels linked to Middle East respiratory syndrome coronavirus: http://t.co/2Zxdyiad4w... http://t.co/BqCOqp…",None
"766151254","positive","The scientists who genetically engineered the H5N1 flu virus to be more contagious now want to do the same thing with the H7N9 flu bug.",None
"-564112924","positive","Legionella Closes Maternity Unit | http://t.co/uDFSba9Jiq http://t.co/ZVeJQa8Xz0",None
"1458834186","positive","La OMS instaura nueva clasificación clínica del dengue http://t.co/g3mo0hxo9K",None
"-864695112","positive","La OMS instaura nueva clasificación clínica del dengue http://t.co/Tr4MVo5wVZ #noticias",None
"-816775788","positive","La OMS instaura nueva clasificación clínica del dengue http://t.co/XLglXR0pnn",None
"-1753438544","positive","RT @HelenBranswell: If you see claims #MERS vaccine is in the offing, remember timeline for new vaccines in this story: 7 yrs to eternity h…",None
"1022096779","positive","Middle East Mers coronavirus infrections: Dromedary camels could be source of virus WHO. http://t.co/pTIZw3t6AS",None
"592215168","positive","21:33 - 11/08 6000 enfants ont été vaccinés contre la polio aujourd'hui dans le Sud http://t.co/EtP02H5Z79",None
"1136135590","positive","21:33 - 11/08 6000 enfants ont été vaccinés contre la polio aujourd'hui dans le Sud http://t.co/GkU2Jp6REH",None
"-1856977383","positive","Like your Ava win ""@r_winda: Flu :&amp;""",None
"-1373793171","positive","Meningitis: Diagnosis and treatment http://t.co/DFpftFsQUq",None
"-309103039","positive","Makasih bar :)""@AkbarKbr_: Like your Ava win ""@r_winda: Flu :&amp;""",None
"-1211181016","positive","RT @r_winda: Makasih bar :)""@AkbarKbr_: Like your Ava win ""@r_winda: Flu :&amp;""",None
"679917924","positive","Sama sama :))""@r_winda: Makasih bar :)""@AkbarKbr_: Like your Ava win ""@r_winda: Flu :&amp;""""",None
"-840341003","positive","Micro#RNA-based strategy to mitigate the risk of gain-of-function influenza studies: A strategy... http://t.co/Newdg95wnE #nature @MyEN",None
"525232813","positive","Dead bird reporting tool used to track West Nile virus - http://t.co/t2xMZpUDb4 http://t.co/CUD350XBfT #health",None
"-1814242897","positive","Le dromadaire : suspect n°1 dans l’épidémie de #coronavirus http://t.co/bwl5j83iEg via @sciences_avenir",None
"1523035078","positive","Fla-Flu: torcedores ainda podem comprar ingressos no Maracanã #lancenet http://t.co/KY9nrTXYHl",None
"-204101863","positive","Léo Moura: ‘Fla-Flu vale seis pontos’ - http://t.co/AmBoj18XIJ",None
"-1720185863","positive","H1N1 Flu Slide Show http://t.co/Vc0XRnePPT",None
"-930075675","positive","Ending the summer with the flu. #sweetlife",None
"-747062723","positive","Our leaders r driving cars worth 176, 286 and 419 million and we don't hav money for polio vaccines",None
"-1535528579","positive","RT @safetyphoto: Legionella Closes Maternity Unit | http://t.co/uDFSba9Jiq http://t.co/ZVeJQa8Xz0",None
"262421019","positive","H1N1 vaccine and pregnancy: Guidelines and precautions - http://t.co/D3v7xtJeKk",None
"1512240068","positive","RT @morobmr: Our leaders r driving cars worth 176, 286 and 419 million and we don't hav money for polio vaccines",None
"131455480","positive","flu+tired. Okie 15mins break for myself.",None
"-1828713267","positive","RT @PeedroHCampos: Fla-Flu!! VAMOS FLAMENGOOOO!! http://t.co/dACNNhTlFg",None
"1797459979","positive","What is an influenza virus? http://t.co/nncTmY7DLb",None
"1221785479","positive","Scientists Disclose Plans To Make Super- #flu In Labs  http://t.co/fR0eRF08yl via @NPRHealth #publichealth #MERS",None
"116943778","positive","NewsLine -Risk factors for hepatitis A - http://t.co/Sb2vHaq4jy",None
"-1046186944","positive","@BabyBeardon rough in what sense? cold/flu/hangover...?",None
"-907561093","positive","#Health #News Flu vaccine not tied to pregnancy complications  http://t.co/dcueAyEdmj",None
"-1586955300","positive","New case of H7N9 bird flu confirmed in China - Channel News Asia http://t.co/hHX6kiH2AK",None
"-914752486","positive","Cold Sight – A/H1N1 (2013) http://t.co/ZeVfWrrc5K #symphonicmetal #coldsight #russianfederation",None
"810371939","positive","RT @MGabeJKing: @DianneSinger my best friend in primary school is deaf due to childhood measles! @anonymous_me3 @francosoup @LiteWorkR @Pat…",None
"83431234","positive","RT @francosoup: @MGabeJKing @DianneSinger My friend's brother is severely disabled as his mum has measles whilst pregnant. So yes...the pan…",None
"1881555120","positive","RT @BigDyTerminator: @DianneSinger @francosoup @anonymous_me3 @LiteWorkR @PatrickECooley My g-ma deaf in 1 ear and part in the other from b…",None
"2014075491","positive","RT @secularbloke: .@DianneSinger Prior to vaccine there were 2.6 million deaths every year from measles
@anonymous_me3 @francosoup @LiteWor…",None
"-872809103","positive","RT @secularbloke: @francosoup 158,000 died in 2011 due to not being vaccinated. Measles kills

@DianneSinger",None
"1981105116","positive","RT @blogdokter: Campak (Measles) http://t.co/Zd7MYejwTx #BlogPost",None
"1606789453","positive","RT @ProMED_mail: PRO/EDR&gt; Dengue/DHF update (66): Asia, Pacific http://t.co/ooviao9zQS",None
"1830547006","positive","RT @eusouflamengo: Léo Moura: ‘Fla-Flu vale seis pontos’ - http://t.co/AmBoj18XIJ",None
"-2127205245","positive","New case of H7N9 bird flu confirmed in China http://t.co/c4H2LKlPWi",None
"-171267159","positive","Are H1N1 vaccines safe for children with asthma? - Helium http://t.co/8gjCHGXhcH",None
"-146009768","positive","Study finds evidence of first human-to-human transmission of H7N9 bird flu http://t.co/PrV1T2jxoP",None
"-711525610","positive","@sarahroberts58 Yep. I live in Bristol. We set up emergency vacs clinics to cope with the high numbers. Panic is justified, measles kills!",None
"-1903947163","positive","@UberFacts One of ten chickens have bird flu.",None
"-1121202484","positive","H1N1 best protection tips for teachers http://t.co/wNCVOrnW35",None
"-2001512842","positive","The Flu/Fla derby on in a few! #Maracana",None
"652640809","positive",".@janewells @WSJ Wow, dang fever is worse then West Nile Virus but West Nile is here in SoCal... :-o",None
"400183549","positive","@mafe_mata ""@globovision: La OMS instaura nueva clasificación clínica del dengue http://t.co/7DrmKCHEQG""",None
"-1953264459","positive","La OMS instaura nueva clasificación clínica del dengue http://t.co/bFrAPbsEJe",None
"-816156208","positive","#Infoccn II La OMS instaura nueva clasificación clínica del dengue: 300 expertos se reunirán desde mañana l... http://t.co/Z1mcruEhIb II",None
"1094193435","positive","La OMS instaura nueva clasificación clínica del dengue http://t.co/Tkvsv41zmb",None
"-777348935","positive","Don't know about any effing meteor shower, but I am certainly gonna contract dengue or malaria or both, waiting for this celestial event.",None
"46640213","positive","Fla-Flu: torcedores ainda podem comprar ingressos no Maracanã: http://t.co/ZvF6YLFXnH",None
"1547423716","positive","How to Avoid #Dengue #Fever -  http://t.co/afV9X5hBZz via @WSJ",None
"1460857448","positive","West Nile Virus on the Rise in Connecticut - http://t.co/AlRrWbzmlL",None
"1384183165","positive","RT @CTurlington: ""just got back from #Kenya. Gave polio vaccine drops 2 a baby:""- @JulieSmolyansky ) @ShotAtLife http://t.co/CfF5dkHMwN",None
"1416230802","positive","RT @justthevax: Measles cases near 1,000, 21 children hospitalised, outbreak expected to go on till end of year http://t.co/isFUo3ELco",None
"1398887865","positive","RT @justthevax: Measles cases near 1,000, 21 children hospitalised, outbreak expected to go on till end of year http://t.co/9p18Fm0Ao4",None
"-845170483","positive","Clasico Fla-Flu 😜⚽ (@ Maracanã - Estádio Jornalista Mário Filho w/ 240 others) http://t.co/XrPahJ4wOb",None
"-1727446030","positive","Vegan Well: New case of H7N9 bird flu confirmed in China - FRA... http://t.co/weQBJOCoHG",None
"-2089702445","positive","News -Risk factors for West Nile virus - http://t.co/xRzsNavmSk",None
"-458087845","positive","RT @Flu_alert: Limited airborne transmission of #H7N9 #influenza A virus between ... - http://t.co/osQfDRz9d9 : http://t.co/rVXPBuwSr4",None
"1000211944","positive","Fla-Flu assista online: http://t.co/HwtFvzGIGG http://t.co/IwbbMNBstq",None
"-1540419827","positive","Dr. Andrew Wakefield response to the measles outbreak in South Wales http://t.co/y8OoWdeDiy",None
"1105925876","positive","Fla*Flu #Jogão #OsParça @ Ponto do Cupim http://t.co/gMjzlr33Le",None
"-1997568208","positive","#Polio-afflicted man to drive from Chennai to Delhi -http://t.co/7HaUSQYeeU",None
"124209129","positive","Fla-Flu assista online: http://t.co/HwtFvzGIGG http://t.co/UqI3Fq6Okm",None
"1389821470","positive","RT @RubroNegro_Live: Fla-Flu assista online: http://t.co/HwtFvzGIGG http://t.co/UqI3Fq6Okm",None
"-1367753990","positive","RT @Iconic_Sports: Jordan nearly faints in Scottie Pippen's arms after scoring 38 points with the flu in Game 5 of the 1997 NBA Finals. htt…",None
"-1634805502","positive","Ranking ST hoje 16h

1. CRU 269
2. FLU 76
3. FLA 43
4. PAL 23
5. SPO 4

Mais info: http://t.co/6RwEjNre5U",None
"-107983024","positive","New case of H7N9 bird flu confirmed in China - Capital FM Kenya : http://t.co/vgU8k57qbL",None
"-1510922676","positive","Ohh suganteh :D""@ajat_27: Lain ey ieu Leho yeuh curcor lur -_- pan aing lagi sakit flu+panas ;;) ""@ardian_08: Naon gaclek mane ? =))",None
"2063646322","positive","Too early to draw conclusions on source of Middle Eastern Respiratory Syndrome infections in humans http://t.co/rsgvMUobhA",None
"-539829225","positive","Dengue Epidemic Looms For Central America http://t.co/B1M3UHeTeo http://t.co/MSDgpIym5S",None
"1169322380","positive","Mosquito season, dengue plague the land. Epidemic ignored, as usual, by society.",None
"-1088205959","positive","RT @bedlamfury: Mosquito season, dengue plague the land. Epidemic ignored, as usual, by society.",None
"1616342236","positive","I just got my meningitis vaccine while sitting by a pool in a Speedo drinking a beer, because hey, it's Fire Island.",None
"-1077875264","positive","Getting The Flu When Pregnant Could Up Autism Risk For Baby - FlickrOxytocin Keeps Attached Men Away from Other... http://t.co/bp11pc2nrm",None
"417228061","positive","Isabelli Fontana signs on as Rotary celebrity ambassador for polio eradication http://t.co/1Jza7jCsoB via @rotary",None
"-1420317326","positive","RT @ramcl3103: @DianneSinger You can get measles more than once, and if immunised, just milder case. @anonymous_me3 @francosoup @LiteWorkR …",None
"-1914241543","positive","@_HaikusGoddess Giant Microbes makes stuffed toys of a whole bunch of germs and such. I collect them! (I have e-coli, ebola, &amp; black death!)",None
"-587219793","positive","""@WHO: Latest update on #H7N9 situation http://t.co/BOIOpX1btE (as of 11 August 2013) #influenza"" No Zompocalypse imminent #relief",None
"-224739256","positive","Fal vs flu x la red globoo..!!",None
"-1257823096","positive","I still get Jonas Blinxt mixed up with the guy that invented the polio vaccine.",None
"1473950650","positive","Legionella closes Morrinsville maternity unit:  http://t.co/HrHkeyAE8w",None
"-1526259844","positive","I will shoot anyone with the flu who's not at least 10 feet away from me.",None
"558193051","positive","RT @chocobohomo: I just got my meningitis vaccine while sitting by a pool in a Speedo drinking a beer, because hey, it's Fire Island.",None
"-1296292765","positive","Vado – ‘Slime Flu 4′ (Mixtape Artwork &amp; Track List) http://t.co/Ira3a5GpCf vía @HHNMblog",None
"-1997859715","positive","I'm gonna drink every medication I come across, this flu shall not win! I refuse!!",None
"-1333542194","positive","West Nile virus found in park, Rockaway Borough says: Nearby area treated five days later http://t.co/csUZeV0IRO",None
"639488605","positive","Press Alert: SFH on confirmed human case of avian influenza A(H7N9) in Guangdong Province ... http://t.co/zP1V661XzU",None
"-1458432819","positive","Govt not ready to declare Bhaktapur bird flu emergency zone http://t.co/5rDRjJrrmn #flu #influenza",None
"-1421556384","positive","Qui s'en rappel quand aux info ca parlait de la grippe H1N1 on croyais trop c'était un virus mutant, qu'on allait tous mourir en mode zombie",None
"-1557242637","positive","RT @TheReal_Dexeryl: Qui s'en rappel quand aux info ca parlait de la grippe H1N1 on croyais trop c'était un virus mutant, qu'on allait tous…",None
"2055058900","positive","RT @BrumTweets: Measles cases fall in West Midlands: The number of cases of measles in the West Midlands has fallen, health ex... http://t.…",None
"1629544486","positive","How do these people inject drugs into their own veins? I can't even get a flu shot without cringing to death",None
"-730774018","positive","Inclined BP 255.. 40 times.. Chin ups with 62 pounds added on.. 40 times and db bench pressed 105 35 times.. Btw I'm sick with the flu..",None
"1488672015","positive","RT @DengueNews: #Dengue News: Swiss on alert for mosquito blamed for dengue - Las Vegas Sun http://t.co/gtLbZiP9og",None
"599878411","positive","RT @tayeelor: How do these people inject drugs into their own veins? I can't even get a flu shot without cringing to death",None
"-970577305","positive","African Swine Fever is rampant in Russia, Er... Well why is it called African? Oh, I see, Its to do with the anti gay mob...Hmmm...",None
"904801111","positive","The West Nile virus was found in a Rockaway Park: http://t.co/BCQs7WA6mM",None
"-1813244565","positive","The West Nile virus was found in a Rockaway Park: http://t.co/zd7yw4AQJk",None
"1266248542","positive","polo polio http://t.co/jTEk5sauO1",None
"-1399069576","positive","Evidence suggests new bird flu spread among people: LONDON (AP) — Chinese scientists have found the strongest ... http://t.co/zMurNRejAt",None
"228261914","positive","8 dogs sickened in flu outbreak at Farmingdale pet store",None
"-542065443","positive","K only I would get the flu in the middle of the summer 😷",None
"680415366","positive","[Fotogalería] Aumentan medidas contra dengue http://t.co/Y8dTfZDEEV",None
"-1699132292","positive","RT @ANCALERTS: Palawan hospitals over capacity due to dengue cases http://t.co/qwHC8YdzeJ",None
"-1118942468","positive","Bird flu researchers want to create deadly virus in lab.  http://t.co/w5yLZnF69Z",None
"-1332584878","positive","Casi 18.000 afectados por #dengue en México. Un 60% más: http://t.co/lWrx7tgwfI",None
"-187173994","positive","@AxeWieldingArse man flu does not exist! Discipline and positive mental attitude! #shameonyou","0.998836436966"
"1180105726","positive","Kasus Flu Burung China Mencuat Kembali http://t.co/BmX2q8dMsm","0.999354006196"
"-12648614","positive","RT @Beritasatu: Kasus Flu Burung China Mencuat Kembali http://t.co/BmX2q8dMsm","0.99954699607"
"1846661509","positive","Kudos to @DrDemetre for administering 140 #meningitis vaccines @IcePalaceFI with a grand total of 275 vaccines this weekend! Amazing!","0.999857053323"
"-1515189586","positive","Influenza virus growth in eggs http://t.co/v59JYbser7","0.731382242053"
"1384261249","positive","#ICYMI Researchers plan 2 tweak #H7N9 #virus in prep 4 possible #pandemic #birdflu #Followup  http://t.co/haOWlF6ce4","0.999997104988"
"-238687521","positive",":Starting Monday: Health Ministry to vaccinate 150,000 children in the south against polio http://t.co/9WcuNaN4XA","0.999999999994"
"-53749038","positive","Kasus Flu Burung China Mencuat Kembali http://t.co/cA8NWdkBrd""","0.999354006196"
"-643542684","positive","Kasus Flu Burung China Mencuat Kembali http://t.co/SUHsBh6HlR","0.999354006196"
"1615821404","positive","Kasus Flu Burung China Mencuat Kembali http://t.co/rGXRgZGvZd","0.999354006196"
"-2000187115","positive","“@WHO: Latest update on #H7N9 situation http://t.co/9MxGLTMyS9 (as of 11 August 2013) #influenza”","0.999999999999"
"1260960570","positive","Dengue fever: Complications - Helium http://t.co/lJ5PtdGp38","0.666450504317"
"-713588802","positive","segundo tempo emocionante...fla x flu...clássico...novo Maracanã... http://t.co/ih49P6yeGl","0.509760286073"
"-668139861","positive","RT @GeminiJew: If you peroxide your hair &amp; put on a push-up bra, Pamela Anderson will appear and give you Hepatitis.","0.530227621996"
"773958546","positive","Kudos @DrDemetre for administering 140 #meningitis vaccines with a grand total of 275 vaccines this weekend! Amazing! http://t.co/v1c9BwMsYA","0.999855180931"
"-1628161687","positive","Tidbit about hepatitis.. Little kids can carry hepatitis A. Which is why everytime I get my niece from Day care I Carry wet wipes and Lysol","0.709246490001"
"-1528489021","positive","@HealthWorksBC Most recenty FHA is following measles in Fraser East. http://t.co/Z1IVAelqbV #publichealth #immunisation #vpd #measles","0.996239067621"
"-275906506","positive","Vamos Flu RT""@OficialFlu: 2º tempo l 15' &gt;&gt; Fluminense 1 x 2 Flamengo""","0.999432386395"
"-1378280230","positive","Vendo jogo do Mengão...
Flu 1 X 2 Mengão..  #mengo #amomuito http://t.co/8CH35ejvJv","0.999417425729"
"-991617573","positive","RT @HepBFoundation: Are you a #liver specialist (U.S. or international) that treats #HBV patients? Join us! #hepB #hepatitis B http://t.co/…","0.669717385763"
"1279704118","positive","X.X RT @iDrinkToThat: Everyone was so excited for a Britney collab, and yet, she sounded like she's had the flu for over 5 years.","0.575531483545"
"1092802168","positive","@MissShahaana yup! The normal pataks ones. Got it from a professor @ Cambridge. He's not had a cold/flu in 10 yrs! Just hav it with yr food","0.999999321098"
"1777395057","positive","RT @JamiePickering2: Somalia piece on @allafrica website: http://t.co/uch4zkEu1g #Somalia #polio","0.980386059173"
"1857587047","positive","si ate may dengue daw . pero ang astig sa laht eh nakapagpost pa sya ng lagay na un .... galing eh nuh ?","0.999999252959"
"2105764912","positive","Fim do primeiro tempo no Maracanã! Fla 2 x 1 Flu. http://t.co/bcnBdbGO4o","0.999417425729"
"765023918","positive","@SaraEvss @dowlzx have you got the same number sars?xx","0.503253796095"
"315616704","positive","A ‘Kill Switch’ For #H7N9 and #H5N1 ‘Gain-Of Function’ Influenza Viruses http://t.co/3Vdr52xiiC. A new study from @NatureBiotech.","0.999752467929"
"1156559233","positive","Why the outbreak in Somalia won't stop us from ending polio #globalcitizen http://t.co/vaCxfYXCFD","0.999999998296"
"-917453224","positive","Lissone - Allarme legionella, due persone ricoverate http://t.co/osiXtMR6Y8","0.601068055213"
"1194275235","positive","Why the outbreak in Somalia won't stop us from ending polio #globalcitizen http://t.co/wczwtPMEWv","0.999999998296"
"-812479704","positive","RT @MilanoOggi: Lissone - Allarme legionella, due persone ricoverate http://t.co/osiXtMR6Y8","0.68243820133"
"-467160010","positive","@ninja_kate bringing that tartan flu South of the border eh?","0.999992657927"
"472391007","positive","#news #flu Govt to declare bird flu emergency in Bhaktapur - Himalayan Times http://t.co/QInYikXTgB","0.999999999999"
"854662890","positive","West Nile virus reported in Atchison County - Hiawatha World http://t.co/0YG89m0VRZ","0.999999999994"
"-36765025","positive","Bhaktapur Bird flu - Power views August 11th 2013 http://t.co/TRrL8PMqs1 - http://t.co/6XFkHWYBJT","0.999999264204"
"-1248327767","positive","NWAlert -Difference between dengue fever and malaria - http://t.co/UjtCah5EXS","0.999210200733"
"-1413522000","positive","Nationalism is and infantile disease. It is the measles of mankind. (Einstein)","0.886756576402"
"-1721148236","positive","RT @GMHC: Kudos @DrDemetre for administering 140 #meningitis vaccines with a grand total of 275 vaccines this weekend! Amazing! http://t.co…","0.999898460667"
"618661111","positive","Parciais 13a Rodada: CTB 0x1 VAS | CRU 0x0 SAN | COR 2x0 VIT | FLU 1x2 FLA - UTBa - Tabela do Brasileirão Online - http://t.co/LPcMJm9yue","0.999993097487"
"-1471814036","positive","Brazil Donates Product for Tuberculosis Testing to Costa Rica - The Costa Rica News (TCRN) – The Brazilian... http://t.co/GQuP4axIYv","0.9999999991"
"1652355633","positive","RT @OCHASouthSudan: Diarrhea kills more young children globally than AIDS,malaria&amp;measles combined. 2in3 people in #SSUDAN have access to i…","0.92299383554"
"-10328967","positive","@NiqqoMedina sos negro y dengue que esperas","0.804770863167"
"-283185226","positive","RT @FidelPonce1: @NiqqoMedina sos negro y dengue que esperas","0.854639872"
"-559970124","positive","Gol! Flamengo amplia: Fla 3 x 1 Flu. Acompanhe: http://t.co/4Col4Qsmcl","0.997068834254"
"1394790692","positive","RT @JornalOGlobo: Gol! Flamengo amplia: Fla 3 x 1 Flu. Acompanhe: http://t.co/4Col4Qsmcl","0.997943111375"
"671421518","positive","WOOOOOOOL!! MENGOOOO RT @JornalOGlobo: Gol! Flamengo amplia: Fla 3 x 1 Flu. Acompanhe: http://t.co/PM1z3qHinO","0.997995856913"
"2078052538","positive","RT @Rene_Silva_RJ: WOOOOOOOL!! MENGOOOO RT @JornalOGlobo: Gol! Flamengo amplia: Fla 3 x 1 Flu. Acompanhe: http://t.co/PM1z3qHinO","0.997995856913"
"710738492","positive","Twentieth Century Fox: Stop Making Movies that Degrade People with Albinism http://t.co/TXwQ2nCwWa via @change","0.772560903179"
"679556123","positive","West Nile virus reported in Atchison County - Hiawatha World http://t.co/uT52X2t1As","0.999999999994"
"689698362","positive","3 H1N1 deaths in Pune in 24 hours:  http://t.co/ldnwFowJ1O","0.987205568278"
"-1972140063","positive","3 H1N1 deaths in Pune in 24 hours:  http://t.co/KwqAuIyYbf","0.987205568278"
"485248423","positive","#VaiFlamengo RT @JornalOGlobo: Gol! Flamengo amplia: Fla 3 x 1 Flu. Acompanhe: http://t.co/DRBFxzz1cb","0.99796965507"
"-470117395","positive","RT @palokin: if you get avian flu you need tweetment and if you get swine flu you need oinkment.","0.985269496023"
"-80110798","positive","Montauk &gt; Viking Flood Chaser Block Island BEHEMOTH Striped Bass-  http://t.co/4G6v9zkUKK #fishing #stripers #stripedbass #cod #ny #flu","0.999995535501"
"1294555280","positive","Natural Remedies to treat and/or cure the SARS virus http://t.co/g0AkQbLuuz","0.654415108983"
"-1922314421","positive","@marcomaioli1 deludentissima la Flu oggi...","0.993960953166"
"-1226595655","positive","White people are descendants of African albinism","0.536500592434"
"1673247338","positive","Polio, what do you know about the history of polio? http://t.co/lkgP1OGnv4","0.998715108369"
"1519112404","positive","RT @DonKenrry: White people are descendants of African albinism","0.622775304412"
"1111044130","positive","SAGARPA LLEVA ACABO CAMPAÑA NACIONAL CONTRA LA TUBERCULOSIS BOVINA http://t.co/ukpruNU6A5","0.998244770182"
"1959903991","positive","The H1N1 recap: Assessing WHOs (World Health Org) response to H1N1 - http://t.co/YyHeyww0qP","0.995117998248"
"264763802","positive","#todayinhistory 1988 - Nelson Mandela is treated for tuberculosis at hospital","0.999093574687"
"-19918229","positive","Gol! Flamengo amplia: Fla 3 x 1 Flu. Acompanhe: http://t.co/urYyW0QDhh","0.997068834254"
"-2087631899","positive","Flavivirus news: Health officials warn of dengue outbreak in Chitwan - Republica: Health offici... http://t.co/jgBvqxCpfJ #pathogenposse","1.0"
"167809429","positive","It's about a dub for all these riverbank bbqs. They got West Nile virus Mosquitos over there. I'm good.","0.990140932388"
"465157404","positive","Camels Source of MERS?: From today’s BBC News: Mers coronavirus: Dromedary camels could be source By Rebecca M... http://t.co/sOEc24Kh9B","0.999999988308"
"-383545537","positive","Rotary club donates 10 wheel chairs to polio victims in Imo – Legisreportsng http://t.co/zvrKBa4ALZ","0.999999930441"
"-640033956","positive","#OpenFollow Fifth person in Singapore dies of dengue - Straits Times http://t.co/NhIC2bQEVc #Singapore","0.921541124916"
"1180993200","positive","#OpenFollow Fifth person in Singapore dies of dengue - Straits Times http://t.co/pXLbEiVbeF #Singapore","0.921541124916"
"1817240137","positive","rt@carltonbanks43: Vaccination Appears to Have Halted a Meningitis Outbreak http://t.co/9CIG0lTs8f (A ""vaccine"" is what started HIV...pp ...","0.999999999997"
"-1379834331","positive","Q&amp;A -How to protect yourself from H1N1 in any environment - http://t.co/pZz96gwcop","0.973985911261"
"843118217","positive","Two different kinda pills and this flu,cold is still here. Oh well,opens third...","0.996257949729"
"75320648","positive","RT @NEWS9: First Case Of West Nile Virus Confirmed In Oklahoma County http://t.co/tr55Uxf9MP","0.999999999997"
"1631892521","positive","RT @occpal: 4,000 Palestinian children refused polio vaccination by Israel http://t.co/pfl9Ie8rjU
#Israel #Palestine","0.999999999848"
"-1332319526","positive","RT @CIDRAP: AVIAN FLU SCAN: H5N1 transmission to close contacts; Review of fatal H7N9 cases; H7N3 in Mexican poultry http://t.co/ubewYZReZ9","0.999999999329"
"-1144815611","positive","NW alert -How dengue hemorrhagic fever can cause death - http://t.co/NBx1rkYz0b","0.999999999553"
"-713109298","positive","Worcester County Warns of West Nile Virus Risk http://t.co/Qadv4njZE3 - Salisbury Maryland","0.999999999959"
"-1770292978","positive","#NowPlaying ""Shave Your Beard"" by Dengue Fever on @Rdio: http://t.co/kU4qzlHlaP","0.672211699188"
"1577050758","positive","4,000 Palestinian children refused polio vaccination by Israel | Al Bawaba http://t.co/i6KepEL1XK","0.999999999785"
"1066972954","positive","If you are selected as a final candidate for this position, you will be subject to The University of ##### Tuberculosis Testing policy. #WTF","0.997730828911"
"-372196049","positive","RT @NEWS9: BREAKING NEWS:  The first case of West Nile Virus has been confirmed in Oklahoma County on Wednesday. http://t.co/Mk0mdBzlBa #Ne…","1.0"
"-542132421","positive","RT @sciencemagazine: 22 scientists make a case for controversial experiments w. #H7N9 #virus http://t.co/dZA8CjRa27 #virology","0.999999985514"
"1628519591","positive","West Nile Virus detected in Cascade County http://t.co/TlJQZcNOuJ #mtnews","0.999999999986"
"-613580398","positive","Meningitis: Diagnosis and treatment http://t.co/JA0XphYuWw","0.734134423316"
"-380999661","positive","RT @ezraklein: Trading a government shutdown for a debt-ceiling breach is like trading the flu for septic shock. http://t.co/MnFnR4upTK","0.999999979269"
"1467578322","positive","#Boulder County: 4 cases of West Nile virus confirmed in Lafayette, Boulder, Longmont http://t.co/L8cv1gsCR9 via @joecarmenrubino","0.999999999997"
"1977500392","positive","RT @MSF_USA: And in Galcayo, Somalia, MSF provided the only facility for treating tuberculosis, including drug-resistant TB...","0.999999759638"
"21223290","positive","#WestNileVirus claims first victim in Minnesota this year. So sad. http://t.co/EMqPULgbGs","0.999998784935"
"-163539332","positive","@VividRicky be investigated thoroughly. And why did they put mercury in swine flu vaccines? who on earth would deliberately ingest mercury?","0.970452861516"
"-1659253943","positive","Ailenle mi kaşıyorsun annen LE mi — şuan mecburi aileyle ama bu durum beni sarsınca sinir krizi geçirmeye başlay... http://t.co/J3Fu7r6Plw","0.551874141785"
"-454451901","positive","50 African Children Paralyzed after receiving Bill Gates-backed Meningitis Vaccine http://t.co/YWrEtTKa4a","0.999999875168"
"-1797569895","positive","Boulder County: 4 cases of West Nile virus confirmed in Lafayette, Boulder, Longmont: Local public health... http://t.co/fVmnCv5jNn","1.0"
"1494591264","positive","Aumenta dengue grave en Costa Rica http://t.co/vk9ZcpssEQ","0.999161815891"
"-1582236728","positive","Aumenta dengue grave en Costa Rica http://t.co/1KRtL33oGk","0.999161815891"
"-854323501","positive","Allons parier,  j'aurais la dengue...","0.999770982864"
"1726831268","positive","50 African Children Paralyzed after receiving Bill Gates-backed Meningitis Vaccine http://t.co/8ss2tJ1pVR","0.999999875168"
"1785593285","positive","@ClintSharpe trying to get docs but was refused visa for Pak! Taliban  now supporting polio vac, easier to talk to them than my own govt!","0.628829287159"
"1328632306","positive","H7N9 bird flu kills 45 on Chinese mainland - http://t.co/cCcujz3ivP: H7N9 bird flu kills 45 on Chinese main... http://t.co/BBAT38Neif","0.999999999888"
"541425957","positive","Flu unggas H7N9 tewaskan 45 orang di China Daratan http://t.co/tq4jjFK76v","0.999999999869"
"-973576140","positive","Newborns: Signs of respiratory distress syndrome http://t.co/aNzS2SBtZg","0.994768836241"
"-1899400544","positive","RT @emoireluvtv: @AdeAdepitan's winning journey with #Polio -Para Soccer http://t.co/7tu2oSSrPz","0.622644038488"
"1702544559","positive","RT @Quickieleaks: @ClintSharpe trying to get docs but was refused visa for Pak! Taliban  now supporting polio vac, easier to talk to them t…","0.704592644509"
"-125947587","positive","ALL children below 5 years of age MUST be vaccinated with oral polio vaccine. 17th to 21st August ^PO","0.979942343397"
"723235015","positive","@ClintSharpe Minor point, but Dr. Afridi's cover was a Hep B vaccine program, not polio.  http://t.co/qfTatLYBCL","0.520913937977"
"1903820419","positive","RT @KenyaRedCross: ALL children below 5 years of age MUST be vaccinated with oral polio vaccine. 17th to 21st August ^PO","0.985852446568"
"306043289","positive","50 African Children Paralyzed after receiving Bill Gates-backed Meningitis Vaccine http://t.co/xcZ9Hb7JrG","0.999999875168"
"-1124789656","positive","Virus influenza itu menyerang daya tahan tubuh,jadi ketika flu harus banyak istirahat agar tubuh tidak semakin… — https://t.co/9mFOJtUaGP","0.998524942033"
"-1104641598","positive","RT @BioAndBaseball: @ClintSharpe Minor point, but Dr. Afridi's cover was a Hep B vaccine program, not polio.  http://t.co/qfTatLYBCL","0.607969911094"
"-312170494","positive","RT @KenyaRedCross ALL children below 5 years of age MUST be vaccinated with oral polio vaccine. 17th to 21st August ^PO","0.985852446568"
"-321170235","positive","RT @Britishpolio: @JuliaRobertsQVC and @Britishpolio CEO Ted Hill officially closed British Polio Month 2013 at Selhurst Park. http://t.co/…","0.999999949294"
"-57097816","positive","ALL children below 5 years of age MUST be vaccinated with oral polio vaccine. 17th to 21st August","0.979684917411"
"-865784530","positive","Overview of Tuberculosis by Schnikia Pool - http://t.co/4GWPl71syL","0.994655979081"
"329272127","positive","BIRD FLU: China's H7N9 Death Tolls Rises to 45; Nepal District Declared Emergency Zone http://t.co/GcjwlhtGuq #flu #influenza","1.0"
"1628069978","positive","@TheWarNerd How about Bird-Flu, the N1H5 virus, or something like that?","0.858631375874"
"-1367310942","positive","#ItHappensOnlyInIndia where theatres are more crowded than Polio-dose zones!","0.509760286073"
"407535429","positive","@Salon and they'll all start panicking when there's a measles outbreak like happened here in the UK.","0.998149908312"
"605714203","positive","#pediatrics #health International research team identifies top risk factors for children during influenza pandemi... http://t.co/5853gpcP1O","0.999998331788"
"1749971235","positive","RT @kenyaredcross: ALL children below 5 years of age MUST be vaccinated with oral polio vaccine. 17th to 21st August ^PO","0.985852446568"
"455175459","positive","RT @TBVI_EU: Did you know #tuberculosis costs the EU 5.9 billion/year? http://t.co/Z4li1PWfEy New vaccines 'only' cost 600 million http://t…","0.999218810494"
"820933537","positive","Protect yourself and your loved ones from this disabling disease(polio). The resident of waberi loc together let's kick polio out of kenya.","0.659551058307"
"-306577716","positive","@grahamfarmelo so as a post polio person, I wonder whether we are at risk; article seems to indicate no, but no clear","0.999839483928"
"-1681394868","positive","Flu Shots Now Available at All Rite Aid Pharmacies Nationwide http://t.co/w6HSX3T9qY","0.98713051733"
"-1203361777","positive","@eimRaLicioUz may dengue po sya. And ung latest update bout him eh bumababa lalo platelets nya.","0.999897232375"
"-1145138696","positive","Fledgling anti-polio campaign: ‘Donors shy away from pledged loans’ http://t.co/RCQjjbER4S via @etribune #ppnews #Pakistan #polio #vaccine","0.943712396447"
"-304634671","positive","#amberg #stadtbrille #old #history #home #river #fluß #bridge #medival #picoftheday #photooftheday… http://t.co/z6QWl6UiJY","0.995949520416"
"-1247973177","positive","Alert -How contagious is swine flu? - http://t.co/qVvsWLdyxG","0.978006733911"
"1739081374","positive","RT @FoodPJournal: Another 1,000 Customers Vaccinated for Hepatitis A – Why No Requirement to Vaccinate Restaurant Workers?: Sara... http://…","0.999797442328"
"100123797","positive","#pakistan#news Nepal steps up poultry cull to combat bird flu: KATHMANDU: Nepal s government on Thursday order... http://t.co/Gzbug9eaPk","0.99999465574"
"-1984022842","positive","#pakistan#news# Nepal steps up poultry cull to combat bird flu: KATHMANDU: Nepal s government on Thursday orde... http://t.co/Gzbug9eaPk","0.999994724847"
"779556611","positive","Nepal steps up poultry cull to combat bird flu","0.999995360627"
"-1044129938","positive","Geo News: Nepal steps up poultry cull to combat bird flu: KATHMANDU: Nepal s government on Thu... http://t.co/qQb6CuBJ54 via Mediainn.tk","0.999999999111"
"-1695300785","positive","Nepal steps up poultry cull to combat bird flu: KATHMANDU: Nepal s government on Thursday ordered health worke... http://t.co/y03vajkI0u","0.999999680476"
"-1014449129","positive","Nepal steps up poultry cull to combat bird flu: KATHMANDU: Nepal s government on Thursday ordered health worke... http://t.co/4Sw1nQt3VA","0.999999680476"
"-1914182524","positive","Nepal steps up poultry cull to combat bird flu: KATHMANDU: Nepal s government on Thursday ordered health worke... http://t.co/YVhWimSt4B","0.999999680476"
"133680314","positive","Flu Shots Now Available at All Rite Aid Pharmacies Nationwide - Fort Mills Times: Flu Shots Now Available at A... http://t.co/OBsAtg0JHJ","0.999990638365"
"-310203911","positive","Flu Shots Now Available at All Rite Aid Pharmacies Nationwide http://t.co/C5BMQxBZa7 #teens","0.987294818712"
"660822486","positive","Nepal steps up bird flu poultry cull http://t.co/NpM0NqhYnN (Daily Telegraph) #news #sydney","0.9999993488"
"1911876494","positive","Circula un VIRUS más AGRESIVO del dengue. http://t.co/9dGnbyQmR7 #Honduras","0.999999979768"
"1921077539","positive","RT @childrenshealth: #TBT Photo: In 1959, this Children’s National patient made headlines when he survived a rare form of meningitis. http:…","0.999791425756"
"-1411015278","positive","Martin County Mosquito Control focusing on Rio after reports of dengue fever - TCPalm: WPECMartin County Mosqu... http://t.co/kx4I7mMNZr","0.999999999992"
"-964379863","positive","H7N9 bird flu may be spread through human faeces, research suggests http://t.co/6sIdgdQtBk","0.999999931472"
"206723914","positive","Sana magka-dengue ako ulit. Tapos may nagaalaga sa akin. :(","0.998337984441"
"-338083404","positive","My brother Jeanric, is currently admitted to Pamana hospital because of Dengue Fever. Please pray for him for his speedy recovery. Peace! &lt;3","0.670154273504"
"-909054513","positive","#Tuberculosis News: Seattle BioMed Awarded $16.6 Million Tuberculosis Grant From National Insti... http://t.co/QEY6LQflUW #pathogenposse","0.999942240651"
"1833242444","positive","RT @DiarioTiempo: Circula un VIRUS más AGRESIVO del dengue. http://t.co/9dGnbyQmR7 #Honduras","0.999999985815"
"1338841737","positive","Flu Burung di China Tewaskan 45 Orang http://t.co/HlsQdZ2sMQ","0.999998596286"
"-475540314","positive","Flu Burung di China Tewaskan 45 Orang http://t.co/HsjRgI9uNu","0.999998596286"
"-347563993","positive","Flu Burung di China Tewaskan 45 Orang http://t.co/bj06tjNLwl","0.999998596286"